data,vazao
2015-01-01,3871.300048828125
2015-01-02,3546.0
2015-01-03,3270.699951171875
2015-01-04,3094.300048828125
2015-01-05,3722.39990234375
2015-01-06,4574.7998046875
2015-01-07,4766.7001953125
2015-01-08,4980.0
2015-01-09,4893.0
2015-01-10,4539.2001953125
2015-01-11,4090.60009765625
2015-01-12,4355.89990234375
2015-01-13,5320.0
2015-01-14,5113.2998046875
2015-01-15,4867.5
2015-01-16,4960.89990234375
2015-01-17,4315.7998046875
2015-01-18,3712.89990234375
2015-01-19,4205.7001953125
2015-01-20,4905.0
2015-01-21,4876.7001953125
2015-01-22,4599.2001953125
2015-01-23,4800.7998046875
2015-01-24,4122.5
2015-01-25,3142.0
2015-01-26,3210.10009765625
2015-01-27,3624.39990234375
2015-01-28,3793.300048828125
2015-01-29,4295.5
2015-01-30,4866.7001953125
2015-01-31,4830.39990234375
2015-02-01,3760.199951171875
2015-02-02,3215.300048828125
2015-02-03,3728.10009765625
2015-02-04,3659.0
2015-02-05,3953.10009765625
2015-02-06,3800.300048828125
2015-02-07,3398.0
2015-02-08,2873.699951171875
2015-02-09,2970.699951171875
2015-02-10,3136.5
2015-02-11,3276.89990234375
2015-02-12,3401.300048828125
2015-02-13,3751.10009765625
2015-02-14,3660.300048828125
2015-02-15,3251.699951171875
2015-02-16,2944.5
2015-02-17,3115.60009765625
2015-02-18,3164.699951171875
2015-02-19,3382.800048828125
2015-02-20,3525.699951171875
2015-02-21,3745.199951171875
2015-02-22,3020.0
2015-02-23,2940.800048828125
2015-02-24,5133.7001953125
2015-02-25,8304.2001953125
2015-02-26,8035.39990234375
2015-02-27,8019.7998046875
2015-02-28,7334.60009765625
2015-03-01,6198.7998046875
2015-03-02,5955.0
2015-03-03,7175.7998046875
2015-03-04,7413.2998046875
2015-03-05,7646.89990234375
2015-03-06,7677.2998046875
2015-03-07,6652.2998046875
2015-03-08,6039.2001953125
2015-03-09,6557.10009765625
2015-03-10,7900.0
2015-03-11,7911.5
2015-03-12,7561.89990234375
2015-03-13,8512.5
2015-03-14,7911.2998046875
2015-03-15,7271.7001953125
2015-03-16,6865.60009765625
2015-03-17,6970.2001953125
2015-03-18,6673.2998046875
2015-03-19,7071.7001953125
2015-03-20,7168.10009765625
2015-03-21,6682.7001953125
2015-03-22,5890.0
2015-03-23,6490.0
2015-03-24,7402.10009765625
2015-03-25,7283.5
2015-03-26,7608.10009765625
2015-03-27,7528.10009765625
2015-03-28,7382.89990234375
2015-03-29,6132.5
2015-03-30,6495.7998046875
2015-03-31,8426.0
2015-04-01,7933.2998046875
2015-04-02,8102.10009765625
2015-04-03,6642.10009765625
2015-04-04,5805.0
2015-04-05,6264.2001953125
2015-04-06,6212.5
2015-04-07,7162.5
2015-04-08,7056.5
2015-04-09,6762.7001953125
2015-04-10,6375.7998046875
2015-04-11,5706.7001953125
2015-04-12,5264.2001953125
2015-04-13,6005.0
2015-04-14,5937.5
2015-04-15,6834.39990234375
2015-04-16,6933.5
2015-04-17,8469.7998046875
2015-04-18,7934.39990234375
2015-04-19,6307.89990234375
2015-04-20,6014.2001953125
2015-04-21,5955.0
2015-04-22,6275.7998046875
2015-04-23,6148.2998046875
2015-04-24,5892.5
2015-04-25,5990.7998046875
2015-04-26,5246.7001953125
2015-04-27,5402.5
2015-04-28,5710.7998046875
2015-04-29,5714.2001953125
2015-04-30,5616.7001953125
2015-05-01,5229.2001953125
2015-05-02,5154.2001953125
2015-05-03,5124.2001953125
2015-05-04,5415.7998046875
2015-05-05,6473.2998046875
2015-05-06,6177.5
2015-05-07,5703.2998046875
2015-05-08,5589.2001953125
2015-05-09,5419.2001953125
2015-05-10,5162.5
2015-05-11,5215.0
2015-05-12,5546.7001953125
2015-05-13,5737.5
2015-05-14,5798.2998046875
2015-05-15,6214.2001953125
2015-05-16,6134.2001953125
2015-05-17,5165.7998046875
2015-05-18,5174.2001953125
2015-05-19,5492.5
2015-05-20,5718.2998046875
2015-05-21,6165.0
2015-05-22,6397.5
2015-05-23,6007.5
2015-05-24,5498.89990234375
2015-05-25,5691.7001953125
2015-05-26,5618.2998046875
2015-05-27,5618.2998046875
2015-05-28,5338.2998046875
2015-05-29,5265.7998046875
2015-05-30,5185.0
2015-05-31,5133.2998046875
2015-06-01,5881.7001953125
2015-06-02,7029.2001953125
2015-06-03,6583.2998046875
2015-06-04,5594.2001953125
2015-06-05,5428.2998046875
2015-06-06,5386.7001953125
2015-06-07,5265.7998046875
2015-06-08,5637.5
2015-06-09,6214.2001953125
2015-06-10,5747.5
2015-06-11,5775.7998046875
2015-06-12,6063.2998046875
2015-06-13,5923.2998046875
2015-06-14,5265.0
2015-06-15,5200.0
2015-06-16,5179.2001953125
2015-06-17,5240.0
2015-06-18,5211.7001953125
2015-06-19,5339.2001953125
2015-06-20,4975.7998046875
2015-06-21,4835.0
2015-06-22,4959.0
2015-06-23,4945.0
2015-06-24,4825.7998046875
2015-06-25,4821.7001953125
2015-06-26,4925.7998046875
2015-06-27,4828.2998046875
2015-06-28,4800.7998046875
2015-06-29,4795.7998046875
2015-06-30,5011.7001953125
2015-07-01,5178.2998046875
2015-07-02,5170.7998046875
2015-07-03,5198.2998046875
2015-07-04,5063.2998046875
2015-07-05,5435.7998046875
2015-07-06,5286.7001953125
2015-07-07,4941.7001953125
2015-07-08,4770.0
2015-07-09,4845.7998046875
2015-07-10,4694.2001953125
2015-07-11,5103.2998046875
2015-07-12,5290.7998046875
2015-07-13,5094.2001953125
2015-07-14,4980.7998046875
2015-07-15,4915.0
2015-07-16,4740.7998046875
2015-07-17,4593.2998046875
2015-07-18,4248.2998046875
2015-07-19,4046.199951171875
2015-07-20,4265.7998046875
2015-07-21,4333.2998046875
2015-07-22,4320.0
2015-07-23,4263.5
2015-07-24,4554.2001953125
2015-07-25,4517.5
2015-07-26,4227.5
2015-07-27,4148.2998046875
2015-07-28,4497.5
2015-07-29,4521.7001953125
2015-07-30,4586.7001953125
2015-07-31,5062.5
2015-08-01,4867.2998046875
2015-08-02,4752.5
2015-08-03,4772.5
2015-08-04,4804.2001953125
2015-08-05,4708.2998046875
2015-08-06,4325.0
2015-08-07,4545.0
2015-08-08,4709.2001953125
2015-08-09,4255.7998046875
2015-08-10,4249.2001953125
2015-08-11,4415.7998046875
2015-08-12,4367.5
2015-08-13,4329.2001953125
2015-08-14,4371.7001953125
2015-08-15,4655.7998046875
2015-08-16,4385.7998046875
2015-08-17,4370.0
2015-08-18,4520.7998046875
2015-08-19,4345.7998046875
2015-08-20,4379.2001953125
2015-08-21,4339.2001953125
2015-08-22,4363.2998046875
2015-08-23,4261.0
2015-08-24,4268.2998046875
2015-08-25,4343.2998046875
2015-08-26,4379.2001953125
2015-08-27,4660.0
2015-08-28,4670.0
2015-08-29,4425.7998046875
2015-08-30,4067.5
2015-08-31,4282.7998046875
2015-09-01,4363.2998046875
2015-09-02,4181.89990234375
2015-09-03,4144.7998046875
2015-09-04,4258.2001953125
2015-09-05,4264.2998046875
2015-09-06,4345.0
2015-09-07,4388.2998046875
2015-09-08,4403.2998046875
2015-09-09,4438.2998046875
2015-09-10,5144.2001953125
2015-09-11,6116.7001953125
2015-09-12,6085.7998046875
2015-09-13,5598.2998046875
2015-09-14,5140.0
2015-09-15,4799.2001953125
2015-09-16,4717.5
2015-09-17,4880.0
2015-09-18,5990.0
2015-09-19,5583.2998046875
2015-09-20,4685.0
2015-09-21,4780.7998046875
2015-09-22,6119.2001953125
2015-09-23,6430.0
2015-09-24,6391.0
2015-09-25,6310.7998046875
2015-09-26,5960.7998046875
2015-09-27,5377.5
2015-09-28,5966.7001953125
2015-09-29,6043.7998046875
2015-09-30,6230.39990234375
2015-10-01,6211.2998046875
2015-10-02,6436.2001953125
2015-10-03,6095.7998046875
2015-10-04,4925.0
2015-10-05,5215.0
2015-10-06,6548.2998046875
2015-10-07,6852.2998046875
2015-10-08,7069.0
2015-10-09,7430.39990234375
2015-10-10,7657.2998046875
2015-10-11,8716.7001953125
2015-10-12,8920.7998046875
2015-10-13,9047.900390625
2015-10-14,9149.0
2015-10-15,9396.900390625
2015-10-16,9394.599609375
2015-10-17,8166.7001953125
2015-10-18,6540.0
2015-10-19,6232.5
2015-10-20,6576.89990234375
2015-10-21,6934.7998046875
2015-10-22,7229.39990234375
2015-10-23,7141.2998046875
2015-10-24,7163.5
2015-10-25,6784.2001953125
2015-10-26,7041.7001953125
2015-10-27,7367.10009765625
2015-10-28,7174.39990234375
2015-10-29,6961.5
2015-10-30,6652.89990234375
2015-10-31,6095.0
2015-11-01,6546.7001953125
2015-11-02,6691.7001953125
2015-11-03,7604.0
2015-11-04,8063.5
2015-11-05,8786.5
2015-11-06,8268.7998046875
2015-11-07,7590.2001953125
2015-11-08,6903.2998046875
2015-11-09,7283.5
2015-11-10,8140.60009765625
2015-11-11,8059.39990234375
2015-11-12,8109.39990234375
2015-11-13,7929.2998046875
2015-11-14,6633.2998046875
2015-11-15,5293.2998046875
2015-11-16,6035.0
2015-11-17,8708.2998046875
2015-11-18,9587.099609375
2015-11-19,11146.2998046875
2015-11-20,11743.0
2015-11-21,10357.7001953125
2015-11-22,9944.2998046875
2015-11-23,9376.099609375
2015-11-24,9575.0
2015-11-25,10045.400390625
2015-11-26,11410.7998046875
2015-11-27,12701.2998046875
2015-11-28,12540.0
2015-11-29,11226.2998046875
2015-11-30,10358.599609375
2015-12-01,9398.7998046875
2015-12-02,8732.2998046875
2015-12-03,8770.7998046875
2015-12-04,8558.2998046875
2015-12-05,8082.2998046875
2015-12-06,7420.7998046875
2015-12-07,7672.89990234375
2015-12-08,9076.099609375
2015-12-09,9975.400390625
2015-12-10,10396.900390625
2015-12-11,10701.7001953125
2015-12-12,10436.099609375
2015-12-13,9510.400390625
2015-12-14,9376.0
2015-12-15,9634.400390625
2015-12-16,9354.2001953125
2015-12-17,8958.2998046875
2015-12-18,9033.2998046875
2015-12-19,8794.7998046875
2015-12-20,7432.5
2015-12-21,7164.2001953125
2015-12-22,8629.2001953125
2015-12-23,9069.7998046875
2015-12-24,9408.2998046875
2015-12-25,8589.599609375
2015-12-26,7674.0
2015-12-27,7409.2001953125
2015-12-28,8118.7998046875
2015-12-29,9090.599609375
2015-12-30,10964.599609375
2015-12-31,13876.5
2016-01-01,14777.35009765625
2016-01-02,12804.14990234375
2016-01-03,11850.4501953125
2016-01-04,11678.25
2016-01-05,10758.89990234375
2016-01-06,10286.89990234375
2016-01-07,9167.14990234375
2016-01-08,9439.35009765625
2016-01-09,9735.14990234375
2016-01-10,9408.14990234375
2016-01-11,11085.25
2016-01-12,14323.2998046875
2016-01-13,18161.7001953125
2016-01-14,19494.5498046875
2016-01-15,19525.400390625
2016-01-16,18856.849609375
2016-01-17,17227.9501953125
2016-01-18,14611.5
2016-01-19,13316.7001953125
2016-01-20,13060.7998046875
2016-01-21,12558.89990234375
2016-01-22,12867.9501953125
2016-01-23,12410.5
2016-01-24,10704.39990234375
2016-01-25,10260.60009765625
2016-01-26,11581.5
2016-01-27,11062.14990234375
2016-01-28,10517.89990234375
2016-01-29,10506.39990234375
2016-01-30,9069.0498046875
2016-01-31,8077.800048828125
2016-02-01,8029.949951171875
2016-02-02,7023.35009765625
2016-02-03,7277.050048828125
2016-02-04,6866.75
2016-02-05,7431.25
2016-02-06,7277.0
2016-02-07,6720.14990234375
2016-02-08,7179.800048828125
2016-02-09,8571.2998046875
2016-02-10,8568.25
2016-02-11,8165.5
2016-02-12,8353.449951171875
2016-02-13,7764.5
2016-02-14,6859.449951171875
2016-02-15,7568.35009765625
2016-02-16,7850.85009765625
2016-02-17,8110.89990234375
2016-02-18,8820.39990234375
2016-02-19,8945.0
2016-02-20,8659.7001953125
2016-02-21,7987.699951171875
2016-02-22,9877.35009765625
2016-02-23,12775.89990234375
2016-02-24,15605.2001953125
2016-02-25,16222.75
2016-02-26,16294.7001953125
2016-02-27,16814.75
2016-02-28,17449.150390625
2016-02-29,18574.349609375
2016-03-01,18772.0498046875
2016-03-02,16571.5498046875
2016-03-03,13822.35009765625
2016-03-04,13124.7001953125
2016-03-05,13449.60009765625
2016-03-06,11316.5498046875
2016-03-07,10833.5
2016-03-08,10611.89990234375
2016-03-09,11274.5
2016-03-10,11789.14990234375
2016-03-11,12217.75
2016-03-12,12367.2001953125
2016-03-13,11179.89990234375
2016-03-14,10738.14990234375
2016-03-15,10322.25
2016-03-16,10217.0
2016-03-17,10484.25
2016-03-18,11554.0
2016-03-19,12090.89990234375
2016-03-20,11623.0
2016-03-21,10808.64990234375
2016-03-22,10181.14990234375
2016-03-23,9968.14990234375
2016-03-24,9961.4501953125
2016-03-25,9022.64990234375
2016-03-26,9124.64990234375
2016-03-27,9466.75
2016-03-28,8894.4501953125
2016-03-29,8153.10009765625
2016-03-30,8499.5
2016-03-31,9258.89990234375
2016-04-01,9624.35009765625
2016-04-02,8860.75
2016-04-03,7846.25
2016-04-04,7807.25
2016-04-05,8113.25
2016-04-06,7944.25
2016-04-07,8078.64990234375
2016-04-08,8251.050048828125
2016-04-09,8074.949951171875
2016-04-10,7308.300048828125
2016-04-11,7519.60009765625
2016-04-12,7740.35009765625
2016-04-13,8289.75
2016-04-14,8072.5
2016-04-15,7767.0
2016-04-16,7979.449951171875
2016-04-17,7542.85009765625
2016-04-18,7406.25
2016-04-19,8244.050048828125
2016-04-20,8410.800048828125
2016-04-21,7122.0
2016-04-22,7233.39990234375
2016-04-23,6804.64990234375
2016-04-24,6112.89990234375
2016-04-25,6666.449951171875
2016-04-26,7484.75
2016-04-27,7941.699951171875
2016-04-28,7703.300048828125
2016-04-29,7517.89990234375
2016-04-30,7032.14990234375
2016-05-01,6214.85009765625
2016-05-02,6461.550048828125
2016-05-03,7222.699951171875
2016-05-04,7566.35009765625
2016-05-05,7686.5
2016-05-06,7502.60009765625
2016-05-07,6825.0
2016-05-08,7043.60009765625
2016-05-09,6678.949951171875
2016-05-10,7670.64990234375
2016-05-11,7609.75
2016-05-12,7785.699951171875
2016-05-13,7718.35009765625
2016-05-14,7822.5
2016-05-15,6961.949951171875
2016-05-16,7036.050048828125
2016-05-17,7597.25
2016-05-18,7999.300048828125
2016-05-19,7876.25
2016-05-20,7297.5
2016-05-21,7280.699951171875
2016-05-22,6239.35009765625
2016-05-23,6658.449951171875
2016-05-24,7618.10009765625
2016-05-25,8257.0
2016-05-26,8226.800048828125
2016-05-27,7597.14990234375
2016-05-28,7192.89990234375
2016-05-29,7030.89990234375
2016-05-30,7816.699951171875
2016-05-31,9322.14990234375
2016-06-01,9549.39990234375
2016-06-02,8868.2001953125
2016-06-03,9585.7998046875
2016-06-04,9834.0498046875
2016-06-05,10373.35009765625
2016-06-06,11791.35009765625
2016-06-07,14027.7001953125
2016-06-08,16151.39990234375
2016-06-09,16934.4501953125
2016-06-10,15593.89990234375
2016-06-11,11560.7001953125
2016-06-12,10269.7001953125
2016-06-13,9632.60009765625
2016-06-14,10079.14990234375
2016-06-15,9311.4501953125
2016-06-16,8018.050048828125
2016-06-17,7646.25
2016-06-18,7071.64990234375
2016-06-19,6351.60009765625
2016-06-20,6758.35009765625
2016-06-21,8011.550048828125
2016-06-22,8202.5
2016-06-23,8076.949951171875
2016-06-24,7890.64990234375
2016-06-25,7267.14990234375
2016-06-26,6353.14990234375
2016-06-27,6750.10009765625
2016-06-28,7204.89990234375
2016-06-29,7473.10009765625
2016-06-30,7511.35009765625
2016-07-01,7024.25
2016-07-02,6487.10009765625
2016-07-03,6292.60009765625
2016-07-04,6891.699951171875
2016-07-05,7852.89990234375
2016-07-06,8046.85009765625
2016-07-07,8268.199951171875
2016-07-08,8411.10009765625
2016-07-09,7380.85009765625
2016-07-10,6223.35009765625
2016-07-11,7225.60009765625
2016-07-12,7343.0
2016-07-13,8070.14990234375
2016-07-14,8079.75
2016-07-15,7834.64990234375
2016-07-16,7738.89990234375
2016-07-17,6914.949951171875
2016-07-18,7388.449951171875
2016-07-19,7530.199951171875
2016-07-20,6951.64990234375
2016-07-21,7011.25
2016-07-22,8021.75
2016-07-23,7185.60009765625
2016-07-24,6893.85009765625
2016-07-25,6643.35009765625
2016-07-26,6762.699951171875
2016-07-27,7297.39990234375
2016-07-28,6877.25
2016-07-29,6695.35009765625
2016-07-30,6571.14990234375
2016-07-31,5878.39990234375
2016-08-01,6218.39990234375
2016-08-02,6938.64990234375
2016-08-03,7362.300048828125
2016-08-04,7362.14990234375
2016-08-05,8093.64990234375
2016-08-06,7771.5
2016-08-07,6807.5
2016-08-08,6704.550048828125
2016-08-09,8163.449951171875
2016-08-10,8813.2001953125
2016-08-11,8164.75
2016-08-12,7196.25
2016-08-13,6474.14990234375
2016-08-14,6042.64990234375
2016-08-15,7032.050048828125
2016-08-16,7717.300048828125
2016-08-17,7619.60009765625
2016-08-18,8144.89990234375
2016-08-19,8806.7998046875
2016-08-20,8058.25
2016-08-21,6666.39990234375
2016-08-22,6873.85009765625
2016-08-23,8264.39990234375
2016-08-24,8249.050048828125
2016-08-25,7408.800048828125
2016-08-26,6696.0
2016-08-27,6216.39990234375
2016-08-28,5767.39990234375
2016-08-29,6229.39990234375
2016-08-30,7562.35009765625
2016-08-31,7560.699951171875
2016-09-01,7120.39990234375
2016-09-02,6774.35009765625
2016-09-03,6657.14990234375
2016-09-04,6672.35009765625
2016-09-05,7269.85009765625
2016-09-06,8099.60009765625
2016-09-07,8012.10009765625
2016-09-08,7720.14990234375
2016-09-09,7787.75
2016-09-10,7084.75
2016-09-11,6349.85009765625
2016-09-12,6398.64990234375
2016-09-13,6348.10009765625
2016-09-14,6446.5
2016-09-15,6565.75
2016-09-16,6566.35009765625
2016-09-17,6575.85009765625
2016-09-18,6275.35009765625
2016-09-19,7366.449951171875
2016-09-20,7372.75
2016-09-21,6802.35009765625
2016-09-22,7413.550048828125
2016-09-23,8060.39990234375
2016-09-24,8295.449951171875
2016-09-25,6960.800048828125
2016-09-26,7161.25
2016-09-27,8156.5
2016-09-28,7826.64990234375
2016-09-29,7322.25
2016-09-30,7023.949951171875
2016-10-01,7073.89990234375
2016-10-02,6549.14990234375
2016-10-03,6919.25
2016-10-04,7094.5
2016-10-05,7369.75
2016-10-06,7460.050048828125
2016-10-07,7451.0
2016-10-08,6947.25
2016-10-09,5934.0
2016-10-10,6498.39990234375
2016-10-11,7152.0
2016-10-12,6477.5
2016-10-13,7194.14990234375
2016-10-14,7893.800048828125
2016-10-15,7266.5
2016-10-16,7447.0
2016-10-17,9039.2001953125
2016-10-18,9212.5498046875
2016-10-19,9073.75
2016-10-20,9397.0
2016-10-21,9306.7998046875
2016-10-22,8490.14990234375
2016-10-23,6862.64990234375
2016-10-24,6726.64990234375
2016-10-25,7956.60009765625
2016-10-26,8425.0
2016-10-27,9044.5498046875
2016-10-28,8666.39990234375
2016-10-29,7278.050048828125
2016-10-30,5797.64990234375
2016-10-31,6304.64990234375
2016-11-01,7449.0
2016-11-02,7235.25
2016-11-03,7069.89990234375
2016-11-04,7811.14990234375
2016-11-05,7073.14990234375
2016-11-06,6040.75
2016-11-07,6503.39990234375
2016-11-08,7350.39990234375
2016-11-09,7750.35009765625
2016-11-10,7613.35009765625
2016-11-11,7320.25
2016-11-12,7032.75
2016-11-13,6017.14990234375
2016-11-14,5985.89990234375
2016-11-15,6294.0
2016-11-16,6575.75
2016-11-17,6279.35009765625
2016-11-18,6278.35009765625
2016-11-19,6328.85009765625
2016-11-20,5759.60009765625
2016-11-21,6123.60009765625
2016-11-22,6380.0
2016-11-23,7001.14990234375
2016-11-24,7774.050048828125
2016-11-25,8055.949951171875
2016-11-26,8575.949951171875
2016-11-27,7462.14990234375
2016-11-28,7502.0
2016-11-29,7968.949951171875
2016-11-30,7739.5
2016-12-01,7330.050048828125
2016-12-02,7378.449951171875
2016-12-03,7823.5
2016-12-04,7956.64990234375
2016-12-05,8388.5
2016-12-06,8377.050048828125
2016-12-07,8388.14990234375
2016-12-08,9017.5498046875
2016-12-09,10032.39990234375
2016-12-10,8800.949951171875
2016-12-11,9110.2001953125
2016-12-12,10113.2998046875
2016-12-13,9858.39990234375
2016-12-14,8573.449951171875
2016-12-15,7431.050048828125
2016-12-16,6626.5
2016-12-17,5853.64990234375
2016-12-18,5273.75
2016-12-19,5985.25
2016-12-20,6385.25
2016-12-21,6764.14990234375
2016-12-22,7272.64990234375
2016-12-23,7342.300048828125
2016-12-24,7970.60009765625
2016-12-25,6239.60009765625
2016-12-26,6228.14990234375
2016-12-27,8309.199951171875
2016-12-28,8913.14990234375
2016-12-29,8702.14990234375
2016-12-30,8268.050048828125
2016-12-31,7938.60009765625
2017-01-01,7853.699951171875
2017-01-02,9203.2998046875
2017-01-03,9553.9501953125
2017-01-04,9856.10009765625
2017-01-05,8728.25
2017-01-06,7760.60009765625
2017-01-07,6788.85009765625
2017-01-08,6382.35009765625
2017-01-09,8390.89990234375
2017-01-10,8927.9501953125
2017-01-11,7697.64990234375
2017-01-12,7591.199951171875
2017-01-13,6722.5
2017-01-14,6439.75
2017-01-15,5910.5
2017-01-16,6480.949951171875
2017-01-17,7323.75
2017-01-18,7938.60009765625
2017-01-19,8601.699951171875
2017-01-20,8862.550048828125
2017-01-21,8206.0
2017-01-22,7263.14990234375
2017-01-23,8671.14990234375
2017-01-24,9490.5
2017-01-25,9657.75
2017-01-26,9460.64990234375
2017-01-27,9081.2998046875
2017-01-28,10031.5
2017-01-29,9835.14990234375
2017-01-30,10274.0
2017-01-31,10582.2998046875
2017-02-01,10415.14990234375
2017-02-02,10344.7998046875
2017-02-03,10330.89990234375
2017-02-04,9554.2001953125
2017-02-05,8345.89990234375
2017-02-06,8568.89990234375
2017-02-07,9271.4501953125
2017-02-08,8450.449951171875
2017-02-09,7939.5
2017-02-10,7531.89990234375
2017-02-11,7846.64990234375
2017-02-12,7655.199951171875
2017-02-13,7739.14990234375
2017-02-14,7929.14990234375
2017-02-15,7642.10009765625
2017-02-16,7305.14990234375
2017-02-17,8243.0
2017-02-18,8075.449951171875
2017-02-19,7912.050048828125
2017-02-20,7185.64990234375
2017-02-21,7238.5
2017-02-22,7707.60009765625
2017-02-23,7498.60009765625
2017-02-24,7248.89990234375
2017-02-25,6883.5
2017-02-26,6171.85009765625
2017-02-27,6004.89990234375
2017-02-28,5982.89990234375
2017-03-01,6612.60009765625
2017-03-02,8126.050048828125
2017-03-03,7865.199951171875
2017-03-04,7861.0
2017-03-05,8095.14990234375
2017-03-06,7785.64990234375
2017-03-07,7939.39990234375
2017-03-08,8503.14990234375
2017-03-09,9268.0498046875
2017-03-10,9255.89990234375
2017-03-11,9401.14990234375
2017-03-12,8297.75
2017-03-13,8548.10009765625
2017-03-14,8426.39990234375
2017-03-15,8173.64990234375
2017-03-16,8922.9501953125
2017-03-17,9158.25
2017-03-18,9278.0
2017-03-19,7503.800048828125
2017-03-20,7075.75
2017-03-21,7237.449951171875
2017-03-22,7204.0
2017-03-23,7770.85009765625
2017-03-24,7516.35009765625
2017-03-25,7152.5
2017-03-26,6896.300048828125
2017-03-27,6824.14990234375
2017-03-28,7844.75
2017-03-29,8023.10009765625
2017-03-30,7563.0
2017-03-31,7713.550048828125
2017-04-01,7694.25
2017-04-02,6306.14990234375
2017-04-03,6285.14990234375
2017-04-04,7110.85009765625
2017-04-05,7647.75
2017-04-06,7640.64990234375
2017-04-07,7733.35009765625
2017-04-08,6658.89990234375
2017-04-09,5975.75
2017-04-10,6153.89990234375
2017-04-11,6863.0
2017-04-12,6764.10009765625
2017-04-13,6171.89990234375
2017-04-14,5537.60009765625
2017-04-15,5348.35009765625
2017-04-16,5434.25
2017-04-17,5543.85009765625
2017-04-18,6240.35009765625
2017-04-19,6590.0
2017-04-20,7180.0
2017-04-21,7187.5
2017-04-22,6990.64990234375
2017-04-23,5894.85009765625
2017-04-24,6262.60009765625
2017-04-25,6787.85009765625
2017-04-26,6483.25
2017-04-27,6452.0
2017-04-28,6076.14990234375
2017-04-29,5498.75
2017-04-30,5125.0
2017-05-01,5060.0
2017-05-02,5444.85009765625
2017-05-03,5400.85009765625
2017-05-04,5307.39990234375
2017-05-05,5254.14990234375
2017-05-06,5306.14990234375
2017-05-07,5378.35009765625
2017-05-08,5913.5
2017-05-09,6753.39990234375
2017-05-10,6183.60009765625
2017-05-11,6676.60009765625
2017-05-12,6617.25
2017-05-13,5820.0
2017-05-14,5853.64990234375
2017-05-15,6608.64990234375
2017-05-16,7013.25
2017-05-17,6824.89990234375
2017-05-18,6275.89990234375
2017-05-19,5958.35009765625
2017-05-20,7112.449951171875
2017-05-21,6999.0
2017-05-22,7679.699951171875
2017-05-23,8521.14990234375
2017-05-24,9785.60009765625
2017-05-25,9762.10009765625
2017-05-26,9294.0
2017-05-27,8331.25
2017-05-28,6927.64990234375
2017-05-29,6398.5
2017-05-30,5946.75
2017-05-31,5510.35009765625
2017-06-01,5691.89990234375
2017-06-02,5856.25
2017-06-03,6174.0
2017-06-04,5793.60009765625
2017-06-05,6219.0
2017-06-06,7274.199951171875
2017-06-07,9527.89990234375
2017-06-08,11660.5
2017-06-09,12632.5
2017-06-10,11378.85009765625
2017-06-11,9409.5
2017-06-12,8030.85009765625
2017-06-13,7473.25
2017-06-14,7666.14990234375
2017-06-15,7738.5
2017-06-16,7897.0
2017-06-17,7458.35009765625
2017-06-18,5902.75
2017-06-19,5800.35009765625
2017-06-20,6233.89990234375
2017-06-21,6498.39990234375
2017-06-22,6401.25
2017-06-23,6531.89990234375
2017-06-24,6239.64990234375
2017-06-25,5611.0
2017-06-26,5273.5
2017-06-27,5617.89990234375
2017-06-28,5922.25
2017-06-29,6219.89990234375
2017-06-30,6595.89990234375
2017-07-01,6112.60009765625
2017-07-02,5479.0
2017-07-03,5400.14990234375
2017-07-04,5320.10009765625
2017-07-05,5624.39990234375
2017-07-06,6189.14990234375
2017-07-07,6300.35009765625
2017-07-08,5982.39990234375
2017-07-09,5468.35009765625
2017-07-10,5815.85009765625
2017-07-11,5730.64990234375
2017-07-12,5631.75
2017-07-13,5742.10009765625
2017-07-14,5936.10009765625
2017-07-15,5655.64990234375
2017-07-16,5174.39990234375
2017-07-17,5335.14990234375
2017-07-18,6107.0
2017-07-19,5794.35009765625
2017-07-20,5732.64990234375
2017-07-21,6091.64990234375
2017-07-22,5850.25
2017-07-23,5559.89990234375
2017-07-24,5782.14990234375
2017-07-25,5905.0
2017-07-26,5977.85009765625
2017-07-27,6053.75
2017-07-28,5865.5
2017-07-29,5989.35009765625
2017-07-30,5132.0
2017-07-31,5279.85009765625
2017-08-01,6003.0400390625
2017-08-02,5947.39990234375
2017-08-03,5877.31005859375
2017-08-04,6094.58984375
2017-08-05,5622.989990234375
2017-08-06,4986.139892578125
2017-08-07,5130.64013671875
2017-08-08,6081.2099609375
2017-08-09,6298.3349609375
2017-08-10,6300.51513671875
2017-08-11,6173.8798828125
2017-08-12,5521.5048828125
2017-08-13,5391.93505859375
2017-08-14,5267.68505859375
2017-08-15,6028.93505859375
2017-08-16,5943.47998046875
2017-08-17,6222.2548828125
2017-08-18,6889.31005859375
2017-08-19,7691.31494140625
2017-08-20,6621.5
2017-08-21,6875.39013671875
2017-08-22,7134.445068359375
2017-08-23,7511.840087890625
2017-08-24,7247.60498046875
2017-08-25,7773.320068359375
2017-08-26,6602.635009765625
2017-08-27,5824.02001953125
2017-08-28,5786.89013671875
2017-08-29,6548.47509765625
2017-08-30,6852.2451171875
2017-08-31,6980.52490234375
2017-09-01,6432.64990234375
2017-09-02,6068.4599609375
2017-09-03,5642.93505859375
2017-09-04,6720.75
2017-09-05,5457.22998046875
2017-09-06,6437.58984375
2017-09-07,6405.81005859375
2017-09-08,6720.875
2017-09-09,6372.6298828125
2017-09-10,6288.35986328125
2017-09-11,6757.91015625
2017-09-12,6608.5849609375
2017-09-13,6985.0
2017-09-14,7751.93994140625
2017-09-15,8453.46484375
2017-09-16,7234.4150390625
2017-09-17,6174.39013671875
2017-09-18,8210.68017578125
2017-09-19,9322.28515625
2017-09-20,9782.6298828125
2017-09-21,11118.68994140625
2017-09-22,10849.35009765625
2017-09-23,10414.1650390625
2017-09-24,7974.44482421875
2017-09-25,7268.98486328125
2017-09-26,10432.73974609375
2017-09-27,11263.509765625
2017-09-28,10447.52490234375
2017-09-29,11258.77490234375
2017-09-30,11440.47998046875
2017-10-01,8719.60986328125
2017-10-02,8627.06494140625
2017-10-03,10852.02490234375
2017-10-04,11057.68994140625
2017-10-05,10083.60986328125
2017-10-06,10579.14013671875
2017-10-07,10870.1650390625
2017-10-08,8089.72509765625
2017-10-09,8641.09521484375
2017-10-10,9777.31005859375
2017-10-11,10351.14990234375
2017-10-12,7576.08984375
2017-10-13,6646.39501953125
2017-10-14,7063.10986328125
2017-10-15,6334.48486328125
2017-10-16,6474.675048828125
2017-10-17,8119.27490234375
2017-10-18,9363.23486328125
2017-10-19,9745.40478515625
2017-10-20,10267.14501953125
2017-10-21,8165.5
2017-10-22,5951.73486328125
2017-10-23,5729.81005859375
2017-10-24,6562.18994140625
2017-10-25,6682.2548828125
2017-10-26,6608.364990234375
2017-10-27,6561.97509765625
2017-10-28,5843.43994140625
2017-10-29,5319.91015625
2017-10-30,6961.66015625
2017-10-31,7929.98974609375
2017-11-01,9650.5849609375
2017-11-02,7433.93994140625
2017-11-03,5913.330078125
2017-11-04,6464.2900390625
2017-11-05,5304.7099609375
2017-11-06,6077.85986328125
2017-11-07,6134.9599609375
2017-11-08,6229.02490234375
2017-11-09,6360.655029296875
2017-11-10,6504.8798828125
2017-11-11,6006.449951171875
2017-11-12,5150.64990234375
2017-11-13,5681.3701171875
2017-11-14,6636.25
2017-11-15,5389.81005859375
2017-11-16,5789.10986328125
2017-11-17,6435.5048828125
2017-11-18,5553.27001953125
2017-11-19,5209.89013671875
2017-11-20,5373.4150390625
2017-11-21,6087.2099609375
2017-11-22,6725.715087890625
2017-11-23,6907.419921875
2017-11-24,7282.0
2017-11-25,6926.43505859375
2017-11-26,6678.9599609375
2017-11-27,7075.9599609375
2017-11-28,9839.259765625
2017-11-29,12550.43994140625
2017-11-30,12825.80517578125
2017-12-01,11665.34521484375
2017-12-02,9575.43017578125
2017-12-03,7981.794921875
2017-12-04,8308.18017578125
2017-12-05,11616.41015625
2017-12-06,11282.7998046875
2017-12-07,12671.81494140625
2017-12-08,13239.68505859375
2017-12-09,13172.22021484375
2017-12-10,11848.93994140625
2017-12-11,12179.89990234375
2017-12-12,11434.51025390625
2017-12-13,11020.77490234375
2017-12-14,11726.7548828125
2017-12-15,10838.68994140625
2017-12-16,9888.634765625
2017-12-17,8170.240234375
2017-12-18,9449.259765625
2017-12-19,9563.8349609375
2017-12-20,9744.5048828125
2017-12-21,8997.0400390625
2017-12-22,8791.02490234375
2017-12-23,8906.9150390625
2017-12-24,6619.179931640625
2017-12-25,6150.33984375
2017-12-26,7017.4150390625
2017-12-27,7216.4599609375
2017-12-28,8961.4248046875
2017-12-29,9154.7548828125
2017-12-30,8225.46484375
2017-12-31,7188.385009765625
2018-01-01,6959.5400390625
2018-01-02,7865.615234375
2018-01-03,10316.5751953125
2018-01-04,10990.53466796875
2018-01-05,10807.1298828125
2018-01-06,9750.43994140625
2018-01-07,7604.510009765625
2018-01-08,7402.260009765625
2018-01-09,8642.1650390625
2018-01-10,10981.1298828125
2018-01-11,11761.97998046875
2018-01-12,13510.14990234375
2018-01-13,15791.36962890625
2018-01-14,13057.09521484375
2018-01-15,14392.615234375
2018-01-16,15831.0849609375
2018-01-17,17169.23974609375
2018-01-18,17357.9248046875
2018-01-19,19216.35498046875
2018-01-20,20433.46484375
2018-01-21,19980.900390625
2018-01-22,18148.85498046875
2018-01-23,15496.86962890625
2018-01-24,14419.27001953125
2018-01-25,14069.15478515625
2018-01-26,13766.09521484375
2018-01-27,12769.3251953125
2018-01-28,10308.76025390625
2018-01-29,10597.875
2018-01-30,11134.89990234375
2018-01-31,11573.73486328125
2018-02-01,11363.39990234375
2018-02-02,10352.759765625
2018-02-03,8520.02490234375
2018-02-04,7367.044921875
2018-02-05,7936.4501953125
2018-02-06,8947.06005859375
2018-02-07,8425.580078125
2018-02-08,8500.9599609375
2018-02-09,8903.34521484375
2018-02-10,7963.01513671875
2018-02-11,6389.534912109375
2018-02-12,6140.14990234375
2018-02-13,7476.110107421875
2018-02-14,8208.044921875
2018-02-15,7602.72509765625
2018-02-16,9248.76513671875
2018-02-17,8958.02490234375
2018-02-18,7993.0849609375
2018-02-19,8091.06005859375
2018-02-20,9361.10986328125
2018-02-21,10016.89990234375
2018-02-22,10086.10009765625
2018-02-23,9768.72998046875
2018-02-24,9152.7099609375
2018-02-25,7921.10009765625
2018-02-26,7432.48486328125
2018-02-27,9249.205078125
2018-02-28,10025.81005859375
2018-03-01,10738.14990234375
2018-03-02,11205.14990234375
2018-03-03,11149.68994140625
2018-03-04,9390.06005859375
2018-03-05,10389.22998046875
2018-03-06,10417.2900390625
2018-03-07,9796.375
2018-03-08,9852.53515625
2018-03-09,9321.96484375
2018-03-10,7902.7099609375
2018-03-11,7085.89990234375
2018-03-12,7187.56005859375
2018-03-13,8549.7998046875
2018-03-14,8721.77001953125
2018-03-15,9641.134765625
2018-03-16,9415.77001953125
2018-03-17,8894.7548828125
2018-03-18,7769.429931640625
2018-03-19,8381.739990234375
2018-03-20,8833.955078125
2018-03-21,8312.1298828125
2018-03-22,7811.4599609375
2018-03-23,7601.98486328125
2018-03-24,7981.429931640625
2018-03-25,6748.610107421875
2018-03-26,7042.06005859375
2018-03-27,7874.10498046875
2018-03-28,7244.43994140625
2018-03-29,7406.635009765625
2018-03-30,6578.3798828125
2018-03-31,6245.2548828125
2018-04-01,6131.10498046875
2018-04-02,6666.800048828125
2018-04-03,7405.5048828125
2018-04-04,7151.330078125
2018-04-05,7791.97998046875
2018-04-06,8287.705078125
2018-04-07,7558.955078125
2018-04-08,6709.27001953125
2018-04-09,6433.93505859375
2018-04-10,6503.35986328125
2018-04-11,7439.10009765625
2018-04-12,7210.3798828125
2018-04-13,7695.93994140625
2018-04-14,6829.66015625
2018-04-15,6147.72998046875
2018-04-16,5684.98486328125
2018-04-17,5941.06005859375
2018-04-18,6510.89990234375
2018-04-19,6923.8701171875
2018-04-20,7351.489990234375
2018-04-21,7118.169921875
2018-04-22,6172.66015625
2018-04-23,5999.3798828125
2018-04-24,6693.85009765625
2018-04-25,8072.2451171875
2018-04-26,7195.169921875
2018-04-27,6452.56005859375
2018-04-28,6234.64990234375
2018-04-29,5763.89990234375
2018-04-30,6089.5
2018-05-01,6127.08984375
2018-05-02,6756.77490234375
2018-05-03,7194.0400390625
2018-05-04,6840.7548828125
2018-05-05,6654.89990234375
2018-05-06,6029.06005859375
2018-05-07,6229.044921875
2018-05-08,6362.0400390625
2018-05-09,6625.51513671875
2018-05-10,6865.044921875
2018-05-11,6399.5400390625
2018-05-12,6118.64501953125
2018-05-13,5880.14990234375
2018-05-14,6023.60009765625
2018-05-15,6299.22998046875
2018-05-16,6330.43505859375
2018-05-17,6380.2900390625
2018-05-18,6591.5400390625
2018-05-19,6159.64990234375
2018-05-20,5563.080078125
2018-05-21,5682.0400390625
2018-05-22,5717.294921875
2018-05-23,5776.02001953125
2018-05-24,5812.27001953125
2018-05-25,5894.47998046875
2018-05-26,5993.669921875
2018-05-27,5475.89013671875
2018-05-28,5531.56494140625
2018-05-29,5598.01513671875
2018-05-30,5491.955078125
2018-05-31,5442.22509765625
2018-06-01,5855.31005859375
2018-06-02,6091.5400390625
2018-06-03,5671.43994140625
2018-06-04,5974.91015625
2018-06-05,5999.375
2018-06-06,6027.375
2018-06-07,5938.58984375
2018-06-08,6055.25
2018-06-09,5925.14013671875
2018-06-10,5613.64501953125
2018-06-11,5719.330078125
2018-06-12,5484.14501953125
2018-06-13,5410.044921875
2018-06-14,5695.66015625
2018-06-15,5854.1650390625
2018-06-16,5803.75
2018-06-17,5866.3701171875
2018-06-18,6114.41015625
2018-06-19,5542.68994140625
2018-06-20,5626.044921875
2018-06-21,5818.8798828125
2018-06-22,6155.830078125
2018-06-23,5845.0849609375
2018-06-24,5684.64990234375
2018-06-25,5893.6201171875
2018-06-26,5968.81005859375
2018-06-27,6048.0400390625
2018-06-28,6216.16015625
2018-06-29,6074.544921875
2018-06-30,6636.22998046875
2018-07-01,6831.56005859375
2018-07-02,6164.4599609375
2018-07-03,5957.14013671875
2018-07-04,5909.73486328125
2018-07-05,5927.3798828125
2018-07-06,5912.7900390625
2018-07-07,6019.155029296875
2018-07-08,5761.31494140625
2018-07-09,5957.02001953125
2018-07-10,5888.14990234375
2018-07-11,5641.68505859375
2018-07-12,5487.1298828125
2018-07-13,5435.5
2018-07-14,5426.705078125
2018-07-15,5153.9599609375
2018-07-16,5209.5849609375
2018-07-17,5420.7099609375
2018-07-18,5416.31494140625
2018-07-19,5430.1201171875
2018-07-20,5488.10498046875
2018-07-21,5567.0048828125
2018-07-22,5214.7548828125
2018-07-23,5318.72998046875
2018-07-24,5708.52001953125
2018-07-25,5895.31005859375
2018-07-26,6069.719970703125
2018-07-27,6744.445068359375
2018-07-28,6380.3349609375
2018-07-29,5728.2900390625
2018-07-30,5211.85498046875
2018-07-31,5307.2900390625
2018-08-01,13246.68017578125
2018-08-02,11338.115234375
2018-08-03,9701.97998046875
2018-08-04,9161.35009765625
2018-08-05,7762.83984375
2018-08-06,7628.6650390625
2018-08-07,7725.35986328125
2018-08-08,7873.2451171875
2018-08-09,8972.16015625
2018-08-10,8473.77490234375
2018-08-11,8197.860107421875
2018-08-12,7096.9599609375
2018-08-13,6610.955078125
2018-08-14,7188.5400390625
2018-08-15,7374.364990234375
2018-08-16,7906.0849609375
2018-08-17,7765.22509765625
2018-08-18,7083.4599609375
2018-08-19,5939.60009765625
2018-08-20,6596.85009765625
2018-08-21,7339.8701171875
2018-08-22,7863.465087890625
2018-08-23,7538.5400390625
2018-08-24,7026.02001953125
2018-08-25,6940.215087890625
2018-08-26,5746.51513671875
2018-08-27,5955.85498046875
2018-08-28,6570.9599609375
2018-08-29,6686.0400390625
2018-08-30,6763.2451171875
2018-08-31,7576.925048828125
2018-09-01,7217.77490234375
2018-09-02,6298.64990234375
2018-09-03,6248.31494140625
2018-09-04,6214.2099609375
2018-09-05,5951.330078125
2018-09-06,5371.81494140625
2018-09-07,4961.7099609375
2018-09-08,4830.68994140625
2018-09-09,4557.93994140625
2018-09-10,5362.2099609375
2018-09-11,5180.52490234375
2018-09-12,4957.080078125
2018-09-13,4943.22509765625
2018-09-14,5134.75
2018-09-15,5062.080078125
2018-09-16,4907.64501953125
2018-09-17,4936.33984375
2018-09-18,5396.39013671875
2018-09-19,6513.89013671875
2018-09-20,7238.114990234375
2018-09-21,7271.33984375
2018-09-22,7198.4150390625
2018-09-23,5472.4150390625
2018-09-24,5597.080078125
2018-09-25,7066.81005859375
2018-09-26,8010.419921875
2018-09-27,7715.510009765625
2018-09-28,7231.155029296875
2018-09-29,6381.010009765625
2018-09-30,5292.8701171875
2018-10-01,5751.6298828125
2018-10-02,6549.35986328125
2018-10-03,7430.574951171875
2018-10-04,8456.39501953125
2018-10-05,8072.22998046875
2018-10-06,6187.22998046875
2018-10-07,5100.64013671875
2018-10-08,5658.5849609375
2018-10-09,7201.0
2018-10-10,7664.9150390625
2018-10-11,8174.159912109375
2018-10-12,7418.47998046875
2018-10-13,6727.375
2018-10-14,5519.31494140625
2018-10-15,5535.89013671875
2018-10-16,6823.60498046875
2018-10-17,7111.2099609375
2018-10-18,7927.9150390625
2018-10-19,7822.43994140625
2018-10-20,7732.635009765625
2018-10-21,6546.824951171875
2018-10-22,6666.68505859375
2018-10-23,7184.73486328125
2018-10-24,6567.9599609375
2018-10-25,6537.1298828125
2018-10-26,8491.719970703125
2018-10-27,7992.18994140625
2018-10-28,7757.35986328125
2018-10-29,7534.364990234375
2018-10-30,7601.074951171875
2018-10-31,7487.715087890625
2018-11-01,7902.139892578125
2018-11-02,7795.385009765625
2018-11-03,7487.1201171875
2018-11-04,6742.9150390625
2018-11-05,7407.47509765625
2018-11-06,7235.35009765625
2018-11-07,6702.9150390625
2018-11-08,6993.85498046875
2018-11-09,6840.22998046875
2018-11-10,6216.68994140625
2018-11-11,5862.580078125
2018-11-12,6729.60009765625
2018-11-13,7801.81005859375
2018-11-14,8299.22998046875
2018-11-15,7665.169921875
2018-11-16,6582.14013671875
2018-11-17,6895.41015625
2018-11-18,6751.39501953125
2018-11-19,7649.68994140625
2018-11-20,7491.85009765625
2018-11-21,7769.68994140625
2018-11-22,7499.945068359375
2018-11-23,7448.294921875
2018-11-24,7438.93994140625
2018-11-25,6969.39990234375
2018-11-26,7058.83984375
2018-11-27,7310.60498046875
2018-11-28,7464.949951171875
2018-11-29,7251.56005859375
2018-11-30,8231.85009765625
2018-12-01,7740.7099609375
2018-12-02,6621.260009765625
2018-12-03,6160.35009765625
2018-12-04,7157.7548828125
2018-12-05,7519.3701171875
2018-12-06,7621.419921875
2018-12-07,7719.419921875
2018-12-08,6663.114990234375
2018-12-09,6061.93994140625
2018-12-10,6364.89990234375
2018-12-11,7958.58984375
2018-12-12,8128.2900390625
2018-12-13,8399.52490234375
2018-12-14,8295.469970703125
2018-12-15,6940.72998046875
2018-12-16,6099.60986328125
2018-12-17,6189.14990234375
2018-12-18,7951.715087890625
2018-12-19,8384.10986328125
2018-12-20,7119.199951171875
2018-12-21,7280.35498046875
2018-12-22,6553.2451171875
2018-12-23,5952.08984375
2018-12-24,5755.72509765625
2018-12-25,5791.31005859375
2018-12-26,6203.10009765625
2018-12-27,6488.0400390625
2018-12-28,6374.14501953125
2018-12-29,5741.60986328125
2018-12-30,5795.5849609375
2018-12-31,5476.705078125
2019-01-01,5589.2099609375
2019-01-02,5943.81005859375
2019-01-03,7103.0400390625
2019-01-04,8262.43994140625
2019-01-05,7469.1201171875
2019-01-06,7460.175048828125
2019-01-07,9117.66015625
2019-01-08,9051.384765625
2019-01-09,8337.31005859375
2019-01-10,7913.64501953125
2019-01-11,8104.844970703125
2019-01-12,7702.8701171875
2019-01-13,7124.6650390625
2019-01-14,7578.47998046875
2019-01-15,8898.6748046875
2019-01-16,9350.7451171875
2019-01-17,8964.41015625
2019-01-18,8150.7099609375
2019-01-19,8204.534912109375
2019-01-20,7168.77490234375
2019-01-21,7398.544921875
2019-01-22,7575.60498046875
2019-01-23,8100.659912109375
2019-01-24,8483.77490234375
2019-01-25,7948.81494140625
2019-01-26,7008.68994140625
2019-01-27,6221.85498046875
2019-01-28,6812.5849609375
2019-01-29,7697.48486328125
2019-01-30,8094.455078125
2019-01-31,8761.4501953125
2019-02-01,9562.3701171875
2019-02-02,8363.08984375
2019-02-03,6503.284912109375
2019-02-04,6720.14501953125
2019-02-05,7389.27001953125
2019-02-06,6912.4150390625
2019-02-07,6298.7900390625
2019-02-08,6370.580078125
2019-02-09,6025.18505859375
2019-02-10,5681.83984375
2019-02-11,6447.8349609375
2019-02-12,6800.75
2019-02-13,6900.06005859375
2019-02-14,6289.1201171875
2019-02-15,6132.0849609375
2019-02-16,6490.64501953125
2019-02-17,5631.47998046875
2019-02-18,6206.7548828125
2019-02-19,6245.5048828125
2019-02-20,6472.10498046875
2019-02-21,7235.77001953125
2019-02-22,7263.9951171875
2019-02-23,8295.455078125
2019-02-24,7461.284912109375
2019-02-25,7177.739990234375
2019-02-26,7415.550048828125
2019-02-27,6599.324951171875
2019-02-28,6112.7099609375
2019-03-01,6739.8349609375
2019-03-02,6401.4951171875
2019-03-03,5403.16015625
2019-03-04,5581.875
2019-03-05,5942.9599609375
2019-03-06,6592.68505859375
2019-03-07,7164.27001953125
2019-03-08,8378.16015625
2019-03-09,7646.989990234375
2019-03-10,6516.39013671875
2019-03-11,5902.22998046875
2019-03-12,5988.14990234375
2019-03-13,6977.5849609375
2019-03-14,7143.81005859375
2019-03-15,7255.949951171875
2019-03-16,6583.2900390625
2019-03-17,6004.8349609375
2019-03-18,6110.08984375
2019-03-19,7669.590087890625
2019-03-20,8407.6201171875
2019-03-21,7289.16015625
2019-03-22,6399.044921875
2019-03-23,5882.7900390625
2019-03-24,5456.27490234375
2019-03-25,5926.60009765625
2019-03-26,6906.52001953125
2019-03-27,6581.98486328125
2019-03-28,6088.77001953125
2019-03-29,6123.4599609375
2019-03-30,5751.419921875
2019-03-31,5373.14990234375
2019-04-01,6369.98486328125
2019-04-02,7047.97509765625
2019-04-03,7355.22998046875
2019-04-04,7634.2900390625
2019-04-05,7557.425048828125
2019-04-06,6627.919921875
2019-04-07,5679.85498046875
2019-04-08,6086.89013671875
2019-04-09,5770.7900390625
2019-04-10,5763.39013671875
2019-04-11,6165.39013671875
2019-04-12,5876.4599609375
2019-04-13,6228.1201171875
2019-04-14,5420.64013671875
2019-04-15,5686.27001953125
2019-04-16,6679.8798828125
2019-04-17,6716.14013671875
2019-04-18,6284.64501953125
2019-04-19,5418.64501953125
2019-04-20,5208.6650390625
2019-04-21,5290.89990234375
2019-04-22,5647.22509765625
2019-04-23,5807.5
2019-04-24,5668.8701171875
2019-04-25,5492.2900390625
2019-04-26,6327.39990234375
2019-04-27,6531.89501953125
2019-04-28,5695.72509765625
2019-04-29,6166.23486328125
2019-04-30,6416.39013671875
2019-05-01,5926.56494140625
2019-05-02,6305.594970703125
2019-05-03,7147.76513671875
2019-05-04,6430.64501953125
2019-05-05,5590.72509765625
2019-05-06,5408.18505859375
2019-05-07,5501.875
2019-05-08,6150.77490234375
2019-05-09,5984.48486328125
2019-05-10,5970.10009765625
2019-05-11,6140.76513671875
2019-05-12,5447.75
2019-05-13,5354.43505859375
2019-05-14,5664.33984375
2019-05-15,5534.125
2019-05-16,5217.81494140625
2019-05-17,5169.205078125
2019-05-18,5186.9150390625
2019-05-19,5173.26513671875
2019-05-20,5214.43505859375
2019-05-21,5145.9150390625
2019-05-22,5171.75
2019-05-23,5173.125
2019-05-24,5120.375
2019-05-25,5171.7900390625
2019-05-26,4999.080078125
2019-05-27,4893.72509765625
2019-05-28,4967.64013671875
2019-05-29,5136.81005859375
2019-05-30,5196.2099609375
2019-05-31,5240.4951171875
2019-06-01,6059.3349609375
2019-06-02,5430.9150390625
2019-06-03,5317.93994140625
2019-06-04,5606.98486328125
2019-06-05,5303.4951171875
2019-06-06,5158.31494140625
2019-06-07,5324.6650390625
2019-06-08,5173.81494140625
2019-06-09,5061.27001953125
2019-06-10,5110.125
2019-06-11,5162.35009765625
2019-06-12,5289.0849609375
2019-06-13,5200.85498046875
2019-06-14,5120.7900390625
2019-06-15,5233.330078125
2019-06-16,5140.14990234375
2019-06-17,5121.2099609375
2019-06-18,5154.73486328125
2019-06-19,5400.875
2019-06-20,5219.6298828125
2019-06-21,5042.8349609375
2019-06-22,5080.7900390625
2019-06-23,5171.5849609375
2019-06-24,5097.6201171875
2019-06-25,5035.23486328125
2019-06-26,5199.544921875
2019-06-27,5336.52490234375
2019-06-28,5540.7548828125
2019-06-29,5240.3798828125
2019-06-30,5117.66015625
2019-07-01,5082.4599609375
2019-07-02,5102.64501953125
2019-07-03,5827.169921875
2019-07-04,5534.4150390625
2019-07-05,5316.22509765625
2019-07-06,5254.58984375
2019-07-07,5242.39501953125
2019-07-08,5050.85009765625
2019-07-09,5276.0
2019-07-10,5247.85009765625
2019-07-11,5276.43505859375
2019-07-12,5198.4599609375
2019-07-13,5243.85498046875
2019-07-14,5429.64990234375
2019-07-15,5116.919921875
2019-07-16,5065.14501953125
2019-07-17,4996.81005859375
2019-07-18,5029.51513671875
2019-07-19,5081.23486328125
2019-07-20,5140.875
2019-07-21,5137.6298828125
2019-07-22,5061.2900390625
2019-07-23,5436.35009765625
2019-07-24,5158.2099609375
2019-07-25,5205.0400390625
2019-07-26,5155.1650390625
2019-07-27,5281.72998046875
2019-07-28,5226.455078125
2019-07-29,5058.68994140625
2019-07-30,5119.0400390625
2019-07-31,5287.625
2019-08-01,5496.56005859375
2019-08-02,5568.5048828125
2019-08-03,5550.68994140625
2019-08-04,5499.294921875
2019-08-05,5604.76513671875
2019-08-06,5598.22998046875
2019-08-07,6009.25
2019-08-08,5840.31005859375
2019-08-09,5643.43994140625
2019-08-10,5694.6298828125
2019-08-11,5416.91015625
2019-08-12,5489.85498046875
2019-08-13,6388.580078125
2019-08-14,6569.16015625
2019-08-15,5969.7900390625
2019-08-16,6005.5400390625
2019-08-17,5894.56005859375
2019-08-18,5387.10498046875
2019-08-19,5830.43994140625
2019-08-20,6863.35009765625
2019-08-21,6619.0048828125
2019-08-22,6235.7900390625
2019-08-23,5859.68994140625
2019-08-24,5635.9599609375
2019-08-25,5332.9951171875
2019-08-26,5177.10009765625
2019-08-27,5637.39013671875
2019-08-28,5878.0400390625
2019-08-29,5726.2900390625
2019-08-30,5825.64013671875
2019-08-31,5760.16015625
2019-09-01,5601.9951171875
2019-09-02,6258.610107421875
2019-09-03,6843.544921875
2019-09-04,7068.554931640625
2019-09-05,7455.800048828125
2019-09-06,6499.31494140625
2019-09-07,5722.68994140625
2019-09-08,5460.43994140625
2019-09-09,6141.77490234375
2019-09-10,7349.85009765625
2019-09-11,8846.65478515625
2019-09-12,9029.7099609375
2019-09-13,8074.125
2019-09-14,7416.68994140625
2019-09-15,5688.43994140625
2019-09-16,6154.0048828125
2019-09-17,7915.324951171875
2019-09-18,8411.81005859375
2019-09-19,7981.64501953125
2019-09-20,7612.675048828125
2019-09-21,7661.56494140625
2019-09-22,6488.139892578125
2019-09-23,5684.39990234375
2019-09-24,5922.64990234375
2019-09-25,5924.64990234375
2019-09-26,6322.39990234375
2019-09-27,7780.949951171875
2019-09-28,7547.25
2019-09-29,6831.25
2019-09-30,7477.985107421875
2019-10-01,7656.22021484375
2019-10-02,7729.93505859375
2019-10-03,7330.5
2019-10-04,7137.449951171875
2019-10-05,6674.39990234375
2019-10-06,5313.35009765625
2019-10-07,5490.5048828125
2019-10-08,5708.25
2019-10-09,5428.25
2019-10-10,5640.35009765625
2019-10-11,6459.0
2019-10-12,6635.925048828125
2019-10-13,5608.014892578125
2019-10-14,6260.074951171875
2019-10-15,7484.030029296875
2019-10-16,7012.02001953125
2019-10-17,6702.580078125
2019-10-18,6872.625
2019-10-19,6147.97998046875
2019-10-20,5177.760009765625
2019-10-21,6259.614990234375
2019-10-22,7314.969970703125
2019-10-23,7409.89501953125
2019-10-24,6850.465087890625
2019-10-25,6143.419921875
2019-10-26,5799.6201171875
2019-10-27,5330.75
2019-10-28,5631.06005859375
2019-10-29,5818.9951171875
2019-10-30,6578.89013671875
2019-10-31,7235.794921875
2019-11-01,6797.60986328125
2019-11-02,5801.35498046875
2019-11-03,5703.48486328125
2019-11-04,5867.4599609375
2019-11-05,6796.08984375
2019-11-06,6849.31494140625
2019-11-07,6436.14501953125
2019-11-08,6144.60009765625
2019-11-09,5855.81005859375
2019-11-10,5441.43505859375
2019-11-11,5206.89013671875
2019-11-12,5009.5048828125
2019-11-13,5046.8349609375
2019-11-14,5075.47509765625
2019-11-15,5024.449951171875
2019-11-16,4915.18505859375
2019-11-17,5088.31005859375
2019-11-18,5233.330078125
2019-11-19,5208.06494140625
2019-11-20,5098.68505859375
2019-11-21,5009.93994140625
2019-11-22,5587.1298828125
2019-11-23,5545.455078125
2019-11-24,5053.22509765625
2019-11-25,5213.43505859375
2019-11-26,5625.2099609375
2019-11-27,5129.294921875
2019-11-28,5484.27490234375
2019-11-29,5257.544921875
2019-11-30,5610.91015625
2019-12-01,5836.73486328125
2019-12-02,5657.02490234375
2019-12-03,5656.27001953125
2019-12-04,5646.31494140625
2019-12-05,7334.489990234375
2019-12-06,8017.68994140625
2019-12-07,7824.25
2019-12-08,7477.199951171875
2019-12-09,6563.77490234375
2019-12-10,6502.4599609375
2019-12-11,6465.31005859375
2019-12-12,6145.2451171875
2019-12-13,6017.58984375
2019-12-14,6151.22509765625
2019-12-15,5715.26513671875
2019-12-16,5897.955078125
2019-12-17,7023.77490234375
2019-12-18,8318.659912109375
2019-12-19,7631.02001953125
2019-12-20,7745.2099609375
2019-12-21,7248.75
2019-12-22,6593.60498046875
2019-12-23,6145.58984375
2019-12-24,7235.56494140625
2019-12-25,6656.64013671875
2019-12-26,6541.68994140625
2019-12-27,7756.33984375
2019-12-28,7599.16015625
2019-12-29,7138.360107421875
2019-12-30,7006.905029296875
2019-12-31,8286.5048828125
2020-01-01,7222.89501953125
2020-01-02,6442.58984375
2020-01-03,6853.16015625
2020-01-04,6554.31005859375
2020-01-05,5988.9951171875
2020-01-06,7302.27001953125
2020-01-07,7893.77001953125
2020-01-08,7778.31005859375
2020-01-09,7443.3349609375
2020-01-10,7311.33984375
2020-01-11,8183.405029296875
2020-01-12,7542.47998046875
2020-01-13,7201.7099609375
2020-01-14,7257.7099609375
2020-01-15,7744.27490234375
2020-01-16,8850.05517578125
2020-01-17,8360.4599609375
2020-01-18,7695.81494140625
2020-01-19,6305.6201171875
2020-01-20,6037.14013671875
2020-01-21,6950.2900390625
2020-01-22,6413.4599609375
2020-01-23,6572.76513671875
2020-01-24,6479.77490234375
2020-01-25,6583.25
2020-01-26,5678.6201171875
2020-01-27,6260.22509765625
2020-01-28,6917.0400390625
2020-01-29,6942.054931640625
2020-01-30,6665.98486328125
2020-01-31,7013.719970703125
2020-02-01,8296.83984375
2020-02-02,7332.280029296875
2020-02-03,6680.760009765625
2020-02-04,7485.280029296875
2020-02-05,7100.4599609375
2020-02-06,7279.635009765625
2020-02-07,7143.530029296875
2020-02-08,7074.93994140625
2020-02-09,7178.945068359375
2020-02-10,6712.6201171875
2020-02-11,6713.68994140625
2020-02-12,6508.06005859375
2020-02-13,6342.5400390625
2020-02-14,6577.97509765625
2020-02-15,6291.7099609375
2020-02-16,6063.10009765625
2020-02-17,6807.284912109375
2020-02-18,7768.929931640625
2020-02-19,8003.610107421875
2020-02-20,8795.97509765625
2020-02-21,9030.009765625
2020-02-22,7927.9599609375
2020-02-23,6552.93505859375
2020-02-24,6296.81005859375
2020-02-25,6718.110107421875
2020-02-26,7316.300048828125
2020-02-27,7856.455078125
2020-02-28,7544.64990234375
2020-02-29,6994.91015625
2020-03-01,6491.89501953125
2020-03-02,6201.25
2020-03-03,7296.010009765625
2020-03-04,7331.16015625
2020-03-05,7407.050048828125
2020-03-06,8052.199951171875
2020-03-07,6587.885009765625
2020-03-08,5809.7900390625
2020-03-09,5857.68994140625
2020-03-10,6955.4150390625
2020-03-11,7860.85498046875
2020-03-12,7596.949951171875
2020-03-13,6975.18994140625
2020-03-14,6367.080078125
2020-03-15,5593.89501953125
2020-03-16,6613.60498046875
2020-03-17,7335.364990234375
2020-03-18,7506.3798828125
2020-03-19,7235.1201171875
2020-03-20,7474.47509765625
2020-03-21,6476.52490234375
2020-03-22,5645.64013671875
2020-03-23,5536.22998046875
2020-03-24,5985.3349609375
2020-03-25,6100.89990234375
2020-03-26,6006.68994140625
2020-03-27,5431.85009765625
2020-03-28,5403.35986328125
2020-03-29,5468.93994140625
2020-03-30,5815.5
2020-03-31,5950.330078125
2020-04-01,5595.16015625
2020-04-02,5553.6298828125
2020-04-03,5463.66015625
2020-04-04,5301.43994140625
2020-04-05,5484.31005859375
2020-04-06,5789.5048828125
2020-04-07,5910.14501953125
2020-04-08,6034.06494140625
2020-04-09,6933.905029296875
2020-04-10,6757.715087890625
2020-04-11,5678.18505859375
2020-04-12,5444.16015625
2020-04-13,5834.89501953125
2020-04-14,6188.81494140625
2020-04-15,5609.27001953125
2020-04-16,6007.35498046875
2020-04-17,5922.64013671875
2020-04-18,5619.52490234375
2020-04-19,5491.919921875
2020-04-20,5438.7451171875
2020-04-21,5631.7900390625
2020-04-22,5672.8701171875
2020-04-23,6025.330078125
2020-04-24,6040.60986328125
2020-04-25,6963.5
2020-04-26,7226.75
2020-04-27,7108.64990234375
2020-04-28,7242.7900390625
2020-04-29,6680.6650390625
2020-04-30,6135.1298828125
2020-05-01,5459.97509765625
2020-05-02,5330.9150390625
2020-05-03,5392.76513671875
2020-05-04,5350.4951171875
2020-05-05,5299.77001953125
2020-05-06,5275.169921875
2020-05-07,5475.64990234375
2020-05-08,5606.5048828125
2020-05-09,5184.31005859375
2020-05-10,5095.10986328125
2020-05-11,5159.1201171875
2020-05-12,5375.23486328125
2020-05-13,5252.60498046875
2020-05-14,5187.58984375
2020-05-15,5169.68994140625
2020-05-16,5153.43994140625
2020-05-17,5085.48486328125
2020-05-18,5039.64990234375
2020-05-19,5087.5849609375
2020-05-20,4938.85009765625
2020-05-21,5069.27490234375
2020-05-22,5411.66015625
2020-05-23,5271.39501953125
2020-05-24,5273.06005859375
2020-05-25,5208.02490234375
2020-05-26,5312.4951171875
2020-05-27,5403.83984375
2020-05-28,5387.1298828125
2020-05-29,5280.3349609375
2020-05-30,5339.330078125
2020-05-31,5309.22998046875
2020-06-01,5254.625
2020-06-02,5284.27490234375
2020-06-03,5382.7099609375
2020-06-04,5547.31494140625
2020-06-05,5586.18994140625
2020-06-06,5463.0048828125
2020-06-07,5407.31005859375
2020-06-08,5822.56005859375
2020-06-09,6421.75
2020-06-10,5689.89501953125
2020-06-11,5450.98486328125
2020-06-12,5071.0048828125
2020-06-13,4883.89501953125
2020-06-14,4993.5400390625
2020-06-15,4920.68994140625
2020-06-16,4953.58984375
2020-06-17,4957.3349609375
2020-06-18,4911.10009765625
2020-06-19,4913.60009765625
2020-06-20,4998.77490234375
2020-06-21,5011.3798828125
2020-06-22,4970.294921875
2020-06-23,4964.669921875
2020-06-24,5061.25
2020-06-25,5415.93994140625
2020-06-26,5054.39990234375
2020-06-27,3034.5
2020-06-28,5163.06005859375
2020-06-29,5156.0
2020-06-30,5807.81005859375
2020-07-01,6400.0849609375
2020-07-02,5869.02490234375
2020-07-03,5548.75
2020-07-04,5183.85498046875
2020-07-05,5072.56494140625
2020-07-06,5222.169921875
2020-07-07,5016.93994140625
2020-07-08,5056.85009765625
2020-07-09,5055.3349609375
2020-07-10,4962.39990234375
2020-07-11,4965.43994140625
2020-07-12,4932.14990234375
2020-07-13,4860.33984375
2020-07-14,5020.455078125
2020-07-15,5005.89013671875
2020-07-16,5082.31005859375
2020-07-17,5050.89990234375
2020-07-18,5126.10498046875
2020-07-19,4909.39990234375
2020-07-20,4838.47998046875
2020-07-21,5082.60009765625
2020-07-22,5135.06005859375
2020-07-23,5204.06005859375
2020-07-24,5107.06494140625
2020-07-25,5171.41015625
2020-07-26,5056.10986328125
2020-07-27,5116.794921875
2020-07-28,5226.89990234375
2020-07-29,5371.91015625
2020-07-30,5469.7099609375
2020-07-31,5282.2900390625
2020-08-01,5334.18994140625
2020-08-02,5675.3701171875
2020-08-03,5099.875
2020-08-04,5006.60498046875
2020-08-05,5415.81494140625
2020-08-06,5166.72509765625
2020-08-07,5772.39990234375
2020-08-08,5963.080078125
2020-08-09,5194.7548828125
2020-08-10,5496.4599609375
2020-08-11,5554.125
2020-08-12,5859.044921875
2020-08-13,5949.25
2020-08-14,6273.4150390625
2020-08-15,6247.14013671875
2020-08-16,5469.81005859375
2020-08-17,5354.22509765625
2020-08-18,5728.9951171875
2020-08-19,6024.06005859375
2020-08-20,6746.31494140625
2020-08-21,6663.080078125
2020-08-22,6092.64013671875
2020-08-23,5175.73486328125
2020-08-24,5094.10986328125
2020-08-25,5128.68994140625
2020-08-26,5277.81005859375
2020-08-27,5240.4599609375
2020-08-28,5390.68505859375
2020-08-29,5177.93994140625
2020-08-30,5109.419921875
2020-08-31,5000.93994140625
2020-09-01,5287.98486328125
2020-09-02,5285.91015625
2020-09-03,5458.8701171875
2020-09-04,5721.97509765625
2020-09-05,5468.06005859375
2020-09-06,5054.5048828125
2020-09-07,4946.7099609375
2020-09-08,5249.31494140625
2020-09-09,5393.25
2020-09-10,5696.389892578125
2020-09-11,6008.85498046875
2020-09-12,5559.97509765625
2020-09-13,5084.22509765625
2020-09-14,5995.10498046875
2020-09-15,6674.91015625
2020-09-16,6765.48486328125
2020-09-17,7017.35009765625
2020-09-18,7297.050048828125
2020-09-19,7979.4599609375
2020-09-20,7373.919921875
2020-09-21,6507.85498046875
2020-09-22,7654.89501953125
2020-09-23,6978.419921875
2020-09-24,6243.27490234375
2020-09-25,6871.31494140625
2020-09-26,6879.3701171875
2020-09-27,6126.23486328125
2020-09-28,7123.639892578125
2020-09-29,8081.804931640625
2020-09-30,7469.81005859375
2020-10-01,8200.4150390625
2020-10-02,8558.070068359375
2020-10-03,8724.7451171875
2020-10-04,6540.31005859375
2020-10-05,6592.06005859375
2020-10-06,8035.885009765625
2020-10-07,8787.7001953125
2020-10-08,9041.14013671875
2020-10-09,9112.7001953125
2020-10-10,7238.800048828125
2020-10-11,5574.4599609375
2020-10-12,5237.125
2020-10-13,6066.14013671875
2020-10-14,8215.43994140625
2020-10-15,8052.56494140625
2020-10-16,7474.695068359375
2020-10-17,7104.72509765625
2020-10-18,5822.794921875
2020-10-19,5760.97998046875
2020-10-20,5923.18994140625
2020-10-21,6066.41015625
2020-10-22,6397.76513671875
2020-10-23,6353.330078125
2020-10-24,6829.760009765625
2020-10-25,6456.64013671875
2020-10-26,6130.41015625
2020-10-27,6740.26513671875
2020-10-28,7590.1650390625
2020-10-29,8667.330078125
2020-10-30,7968.544921875
2020-10-31,6574.08984375
2020-11-01,5945.06005859375
2020-11-02,5297.02490234375
2020-11-03,5599.739990234375
2020-11-04,6390.35498046875
2020-11-05,6193.864990234375
2020-11-06,6154.89990234375
2020-11-07,6196.300048828125
2020-11-08,5611.02001953125
2020-11-09,6222.7099609375
2020-11-10,6614.949951171875
2020-11-11,7290.56494140625
2020-11-12,7497.179931640625
2020-11-13,7385.695068359375
2020-11-14,6647.7099609375
2020-11-15,6454.5400390625
2020-11-16,6330.925048828125
2020-11-17,7200.114990234375
2020-11-18,6578.77490234375
2020-11-19,6065.41015625
2020-11-20,5798.2099609375
2020-11-21,5465.5400390625
2020-11-22,5343.6650390625
2020-11-23,5672.58984375
2020-11-24,6824.8701171875
2020-11-25,6661.68994140625
2020-11-26,6713.919921875
2020-11-27,6370.614990234375
2020-11-28,5681.7548828125
2020-11-29,5610.58984375
2020-11-30,5734.405029296875
2020-12-01,6262.52490234375
2020-12-02,6500.614990234375
2020-12-03,6044.89013671875
2020-12-04,7222.91015625
2020-12-05,6592.56005859375
2020-12-06,5570.56005859375
2020-12-07,5618.0048828125
2020-12-08,5798.06005859375
2020-12-09,6303.75
2020-12-10,5800.18505859375
2020-12-11,5455.4150390625
2020-12-12,5492.81005859375
2020-12-13,5506.7900390625
2020-12-14,5590.08984375
2020-12-15,5763.83984375
2020-12-16,6137.0400390625
2020-12-17,6372.41015625
2020-12-18,5861.830078125
2020-12-19,5776.06494140625
2020-12-20,5362.14013671875
2020-12-21,5239.98486328125
2020-12-22,5373.7099609375
2020-12-23,5257.26513671875
2020-12-24,5143.73486328125
2020-12-25,5308.91015625
2020-12-26,5239.23486328125
2020-12-27,5254.330078125
2020-12-28,5113.10009765625
2020-12-29,5322.64990234375
2020-12-30,5139.97509765625
2020-12-31,5200.98486328125
2021-01-01,5314.25
2021-01-02,5232.27490234375
2021-01-03,5082.169921875
2021-01-04,5095.48486328125
2021-01-05,5177.22509765625
2021-01-06,5480.6298828125
2021-01-07,5295.14013671875
2021-01-08,5202.7099609375
2021-01-09,4986.5
2021-01-10,4935.0
2021-01-11,5092.2548828125
2021-01-12,5155.06005859375
2021-01-13,5217.68505859375
2021-01-14,5172.85009765625
2021-01-15,5093.93994140625
2021-01-16,5151.364990234375
2021-01-17,5141.449951171875
2021-01-18,5130.1650390625
2021-01-19,5124.5400390625
2021-01-20,5310.5849609375
2021-01-21,5920.669921875
2021-01-22,5997.89990234375
2021-01-23,5376.56005859375
2021-01-24,5636.330078125
2021-01-25,5750.875
2021-01-26,5844.489990234375
2021-01-27,5838.0
2021-01-28,6037.375
2021-01-29,5813.68994140625
2021-01-30,5941.22998046875
2021-01-31,6013.14501953125
2021-02-01,5662.18505859375
2021-02-02,6598.76513671875
2021-02-03,7736.22509765625
2021-02-04,7922.16015625
2021-02-05,7052.9599609375
2021-02-06,5797.4951171875
2021-02-07,5254.26513671875
2021-02-08,5199.02490234375
2021-02-09,5214.794921875
2021-02-10,5199.2900390625
2021-02-11,5146.39013671875
2021-02-12,5409.08984375
2021-02-13,5319.85498046875
2021-02-14,5140.1650390625
2021-02-15,5078.1298828125
2021-02-16,5087.39990234375
2021-02-17,5316.75
2021-02-18,5312.5849609375
2021-02-19,5150.06494140625
2021-02-20,5131.169921875
2021-02-21,5095.16015625
2021-02-22,5087.3701171875
2021-02-23,5255.56494140625
2021-02-24,5113.35009765625
2021-02-25,5016.83984375
2021-02-26,4977.14501953125
2021-02-27,4954.56494140625
2021-02-28,4878.83984375
2021-03-01,4869.0849609375
2021-03-02,4832.52001953125
2021-03-03,4721.0400390625
2021-03-04,4857.125
2021-03-05,5365.85498046875
2021-03-06,5144.7548828125
2021-03-07,4922.01513671875
2021-03-08,5206.175048828125
2021-03-09,5517.7900390625
2021-03-10,5388.06494140625
2021-03-11,5866.544921875
2021-03-12,5763.179931640625
2021-03-13,5544.22509765625
2021-03-14,5135.070068359375
2021-03-15,5128.98486328125
2021-03-16,5046.419921875
2021-03-17,4973.43505859375
2021-03-18,4930.10498046875
2021-03-19,4626.3349609375
2021-03-20,4566.419921875
2021-03-21,4566.22509765625
2021-03-22,4586.85498046875
2021-03-23,4774.4599609375
2021-03-24,4579.375
2021-03-25,4564.9951171875
2021-03-26,4644.215087890625
2021-03-27,4596.93505859375
2021-03-28,4676.31005859375
2021-03-29,4558.280029296875
2021-03-30,4536.090087890625
2021-03-31,4526.39990234375
2021-04-01,4564.35986328125
2021-04-02,4572.77490234375
2021-04-03,4586.080078125
2021-04-04,4562.860107421875
2021-04-05,4545.39013671875
2021-04-06,4538.64501953125
2021-04-07,4486.2900390625
2021-04-08,4430.64013671875
2021-04-09,4435.08984375
2021-04-10,4478.81005859375
2021-04-11,4435.625
2021-04-12,4439.7900390625
2021-04-13,4484.6201171875
2021-04-14,4490.2099609375
2021-04-15,4502.35986328125
2021-04-16,4538.1298828125
2021-04-17,4540.294921875
2021-04-18,4553.625
2021-04-19,4580.93505859375
2021-04-20,4721.56005859375
2021-04-21,4561.31005859375
2021-04-22,4496.7900390625
2021-04-23,4510.43505859375
2021-04-24,4545.10986328125
2021-04-25,4591.9951171875
2021-04-26,4615.3349609375
2021-04-27,4634.280029296875
2021-04-28,4634.0
2021-04-29,4580.16015625
2021-04-30,4541.77490234375
2021-05-01,4519.830078125
2021-05-02,4528.52001953125
2021-05-03,4537.8798828125
2021-05-04,4542.81005859375
2021-05-05,4556.18994140625
2021-05-06,4527.3701171875
2021-05-07,4739.669921875
2021-05-08,4784.8798828125
2021-05-09,2394.02001953125
2021-05-10,19404.1904296875
2021-05-11,11461.20458984375
2021-05-12,6531.5
2021-05-13,4650.675048828125
2021-05-14,3472.75
2021-05-15,2221.75
2021-05-16,5939.72509765625
2021-05-17,2184.77001953125
2021-05-18,2181.1650390625
2021-05-19,2187.625
2021-05-20,2194.375
2021-05-21,2190.625
2021-05-22,2201.125
2021-05-23,2216.5
2021-05-24,2199.625
2021-05-25,4137.050048828125
2021-05-26,4122.9400634765625
2021-05-27,4118.5
2021-05-28,4118.239990234375
2021-05-29,4139.364990234375
2021-05-30,4179.800048828125
2021-05-31,4187.77001953125
2021-06-01,4157.989990234375
2021-06-02,3914.034912109375
2021-06-03,4080.89990234375
2021-06-04,4074.60986328125
2021-06-05,4326.06005859375
2021-06-06,4205.625
2021-06-07,4235.0050048828125
2021-06-08,4163.3399658203125
2021-06-09,4187.3099365234375
2021-06-10,4533.35498046875
2021-06-11,4946.7900390625
2021-06-12,4921.60498046875
2021-06-13,4674.43994140625
2021-06-14,4823.10009765625
2021-06-15,4491.47998046875
2021-06-16,3977.875
2021-06-17,3828.699951171875
2021-06-18,3668.0
2021-06-19,3507.89501953125
2021-06-20,3404.625
2021-06-21,3310.4600830078125
2021-06-22,3266.9549560546875
2021-06-23,3236.5399169921875
2021-06-24,3189.6600341796875
2021-06-25,3161.1600341796875
2021-06-26,3115.8150634765625
2021-06-27,3079.52001953125
2021-06-28,3121.4849853515625
2021-06-29,3115.8349609375
2021-06-30,3119.8150634765625
2021-07-01,3120.8349609375
2021-07-02,3104.5150146484375
2021-07-03,3112.5150146484375
2021-07-04,3112.8150634765625
2021-07-05,3110.8499755859375
2021-07-06,3111.4849853515625
2021-07-07,3110.5
2021-07-08,3115.5150146484375
2021-07-09,3121.1500244140625
2021-07-10,3118.8349609375
2021-07-11,3143.68994140625
2021-07-12,3124.0
2021-07-13,3113.7249755859375
2021-07-14,3107.0999755859375
2021-07-15,3095.35498046875
2021-07-16,3163.2100830078125
2021-07-17,3183.8599853515625
2021-07-18,3205.7099609375
2021-07-19,3182.9599609375
2021-07-20,3167.4749755859375
2021-07-21,3164.5400390625
2021-07-22,3167.14501953125
2021-07-23,3157.6500244140625
2021-07-24,3159.6700439453125
2021-07-25,3157.2900390625
2021-07-26,3142.4749755859375
2021-07-27,3134.6600341796875
2021-07-28,3157.35498046875
2021-07-29,3127.5150146484375
2021-07-30,3107.5399169921875
2021-07-31,3094.6099853515625
2021-08-01,3100.1900634765625
2021-08-02,3109.02001953125
2021-08-03,3109.2099609375
2021-08-04,3094.8499755859375
2021-08-05,3101.0399169921875
2021-08-06,3092.9150390625
2021-08-07,3095.8800048828125
2021-08-08,3097.5799560546875
2021-08-09,3099.5849609375
2021-08-10,3104.5400390625
2021-08-11,3123.1500244140625
2021-08-12,3119.5
2021-08-13,3104.5899658203125
2021-08-14,3102.93994140625
2021-08-15,3103.85498046875
2021-08-16,3096.6199951171875
2021-08-17,3104.5450439453125
2021-08-18,3087.0250244140625
2021-08-19,3087.7650146484375
2021-08-20,3088.43994140625
2021-08-21,3144.5849609375
2021-08-22,3219.7449951171875
2021-08-23,3422.8599853515625
2021-08-24,4019.39501953125
2021-08-25,5006.10009765625
2021-08-26,6514.699951171875
2021-08-27,7945.2451171875
2021-08-28,7531.009765625
2021-08-29,5987.22509765625
2021-08-30,6177.4150390625
2021-08-31,7149.8798828125
2021-09-01,7422.3701171875
2021-09-02,7563.169921875
2021-09-03,7656.2099609375
2021-09-04,7195.6650390625
2021-09-05,6185.340087890625
2021-09-06,6114.25
2021-09-07,5480.419921875
2021-09-08,5895.64013671875
2021-09-09,9088.509765625
2021-09-10,9723.02001953125
2021-09-11,8230.990234375
2021-09-12,6399.989990234375
2021-09-13,5539.4599609375
2021-09-14,6788.98486328125
2021-09-15,7037.344970703125
2021-09-16,5979.280029296875
2021-09-17,5298.76513671875
2021-09-18,4849.14501953125
2021-09-19,4181.0999755859375
2021-09-20,4270.7550048828125
2021-09-21,5373.58984375
2021-09-22,6374.739990234375
2021-09-23,6414.2900390625
2021-09-24,6016.510009765625
2021-09-25,5087.89990234375
2021-09-26,4362.64990234375
2021-09-27,4372.0400390625
2021-09-28,4563.91015625
2021-09-29,4993.125
2021-09-30,5827.6650390625
2021-10-01,6171.784912109375
2021-10-02,6109.06005859375
2021-10-03,5828.43505859375
2021-10-04,5141.56005859375
2021-10-05,4893.43994140625
2021-10-06,4973.2451171875
2021-10-07,5543.925048828125
2021-10-08,6325.114990234375
2021-10-09,4657.10986328125
2021-10-10,4572.580078125
2021-10-11,4590.43994140625
2021-10-12,4584.5849609375
2021-10-13,4514.18505859375
2021-10-14,4869.39013671875
2021-10-15,4884.7099609375
2021-10-16,5179.51513671875
2021-10-17,4958.64501953125
2021-10-18,4514.9599609375
2021-10-19,4600.58984375
2021-10-20,4635.51513671875
2021-10-21,4625.89990234375
2021-10-22,4568.6201171875
2021-10-23,4441.68994140625
2021-10-24,4636.1298828125
2021-10-25,4413.64013671875
2021-10-26,4562.31005859375
2021-10-27,4757.0849609375
2021-10-28,4812.31494140625
2021-10-29,4828.75
2021-10-30,4702.510009765625
2021-10-31,4565.2548828125
2021-11-01,4597.965087890625
2021-11-02,4912.35986328125
2021-11-03,4987.18505859375
2021-11-04,5030.93505859375
2021-11-05,5056.72998046875
2021-11-06,5076.81494140625
2021-11-07,4867.89013671875
2021-11-08,4824.5400390625
2021-11-09,4567.39990234375
2021-11-10,4390.83984375
2021-11-11,4446.8349609375
2021-11-12,4384.9599609375
2021-11-13,4424.425048828125
2021-11-14,4489.14501953125
2021-11-15,4627.31005859375
2021-11-16,5131.81005859375
2021-11-17,5187.215087890625
2021-11-18,5110.760009765625
2021-11-19,5047.68505859375
2021-11-20,4869.02001953125
2021-11-21,4643.22998046875
2021-11-22,4658.2548828125
2021-11-23,4850.60986328125
2021-11-24,4968.580078125
2021-11-25,4850.7548828125
2021-11-26,4831.219970703125
2021-11-27,4858.695068359375
2021-11-28,4760.614990234375
2021-11-29,4871.739990234375
2021-11-30,4945.31005859375
2021-12-01,4827.85986328125
2021-12-02,4816.85498046875
2021-12-03,4842.955078125
2021-12-04,4749.76513671875
2021-12-05,4606.93994140625
2021-12-06,4739.169921875
2021-12-07,4960.8349609375
2021-12-08,5071.2099609375
2021-12-09,5081.18994140625
2021-12-10,5041.64501953125
2021-12-11,4989.5
2021-12-12,4640.64501953125
2021-12-13,4518.6650390625
2021-12-14,4710.39013671875
2021-12-15,4760.719970703125
2021-12-16,4742.510009765625
2021-12-17,4757.89990234375
2021-12-18,4594.330078125
2021-12-19,4507.31005859375
2021-12-20,4762.22998046875
2021-12-21,4964.800048828125
2021-12-22,5225.60498046875
2021-12-23,5249.02490234375
2021-12-24,4913.6298828125
2021-12-25,4696.10009765625
2021-12-26,4478.5
2021-12-27,4395.1650390625
2021-12-28,4330.4000244140625
2021-12-29,4305.699951171875
2021-12-30,4293.9000244140625
2021-12-31,4291.875
2022-01-01,4284.7750244140625
2022-01-02,4280.625
2022-01-03,4335.9951171875
2022-01-04,4356.75
2022-01-05,4382.0
2022-01-06,4407.39990234375
2022-01-07,4375.594970703125
2022-01-08,4345.14990234375
2022-01-09,4342.625
2022-01-10,4335.60009765625
2022-01-11,4375.5048828125
2022-01-12,4401.14990234375
2022-01-13,4375.699951171875
2022-01-14,4362.10009765625
2022-01-15,4392.48486328125
2022-01-16,4438.6201171875
2022-01-17,4346.25
2022-01-18,4363.0
2022-01-19,4364.375
2022-01-20,4367.02490234375
2022-01-21,4373.52490234375
2022-01-22,4374.625
2022-01-23,4361.89990234375
2022-01-24,4435.68994140625
2022-01-25,4458.2548828125
2022-01-26,4528.080078125
2022-01-27,4556.2548828125
2022-01-28,4424.570068359375
2022-01-29,4382.68994140625
2022-01-30,4435.72998046875
2022-01-31,5052.955078125
2022-02-01,6320.364990234375
2022-02-02,5818.41015625
2022-02-03,5444.294921875
2022-02-04,5419.43994140625
2022-02-05,5207.7900390625
2022-02-06,5120.31494140625
2022-02-07,4739.639892578125
2022-02-08,4729.405029296875
2022-02-09,4703.2099609375
2022-02-10,4738.02001953125
2022-02-11,4924.389892578125
2022-02-12,4821.47998046875
2022-02-13,4730.35009765625
2022-02-14,4666.080078125
2022-02-15,4516.8349609375
2022-02-16,4397.64990234375
2022-02-17,4403.175048828125
2022-02-18,4334.39990234375
2022-02-19,4327.5
2022-02-20,4431.35009765625
2022-02-21,4552.02490234375
2022-02-22,4559.60009765625
2022-02-23,4528.25
2022-02-24,4473.97509765625
2022-02-25,4522.800048828125
2022-02-26,4563.43994140625
2022-02-27,4491.97509765625
2022-02-28,4490.0
2022-03-01,4500.550048828125
2022-03-02,4509.75
2022-03-03,4497.449951171875
2022-03-04,4563.39013671875
2022-03-05,4901.780029296875
2022-03-06,5214.0400390625
2022-03-07,6103.31494140625
2022-03-08,6433.090087890625
2022-03-09,6189.260009765625
2022-03-10,5805.669921875
2022-03-11,5776.89013671875
2022-03-12,5739.969970703125
2022-03-13,5632.72509765625
2022-03-14,6227.60986328125
2022-03-15,6416.625
2022-03-16,6026.169921875
2022-03-17,5996.840087890625
2022-03-18,5904.31005859375
2022-03-19,6039.35498046875
2022-03-20,5375.06005859375
2022-03-21,5067.044921875
2022-03-22,5294.56005859375
2022-03-23,5427.655029296875
2022-03-24,5318.419921875
2022-03-25,5095.4951171875
2022-03-26,5320.419921875
2022-03-27,5216.60986328125
2022-03-28,5247.81005859375
2022-03-29,5349.3349609375
2022-03-30,5803.3349609375
2022-03-31,5287.655029296875
2022-04-01,5045.625
2022-04-02,4909.1650390625
2022-04-03,4844.7099609375
2022-04-04,4841.68994140625
2022-04-05,4827.25
2022-04-06,4801.625
2022-04-07,4802.375
2022-04-08,4804.25
2022-04-09,4811.0
2022-04-10,4808.75
2022-04-11,4809.89501953125
2022-04-12,4818.52001953125
2022-04-13,4570.385009765625
2022-04-14,4575.47998046875
2022-04-15,4457.85498046875
2022-04-16,4336.25
2022-04-17,4324.5650634765625
2022-04-18,4266.1400146484375
2022-04-19,4254.925048828125
2022-04-20,4282.885009765625
2022-04-21,4351.8499755859375
2022-04-22,4406.0999755859375
2022-04-23,4439.81494140625
2022-04-24,4400.3349609375
2022-04-25,4293.4150390625
2022-04-26,4170.5
2022-04-27,4148.199951171875
2022-04-28,4161.2750244140625
2022-04-29,4157.050048828125
2022-04-30,4146.050048828125
2022-05-01,4169.949951171875
2022-05-02,4188.375
2022-05-03,4206.9449462890625
2022-05-04,4219.27001953125
2022-05-05,4026.5899658203125
2022-05-06,3968.7099609375
2022-05-07,3961.97998046875
2022-05-08,3968.3349609375
2022-05-09,3968.68994140625
2022-05-10,3971.4000244140625
2022-05-11,3977.2349853515625
2022-05-12,3974.7099609375
2022-05-13,3987.9600830078125
2022-05-14,3960.43994140625
2022-05-15,3984.5650634765625
2022-05-16,3997.5400390625
2022-05-17,3984.68994140625
2022-05-18,3865.1500244140625
2022-05-19,3754.9200439453125
2022-05-20,3737.02001953125
2022-05-21,3738.155029296875
2022-05-22,3712.2900390625
2022-05-23,3710.85498046875
2022-05-24,3726.31005859375
2022-05-25,3745.625
2022-05-26,3784.364990234375
2022-05-27,3781.7900390625
2022-05-28,3776.2099609375
2022-05-29,3792.5050048828125
2022-05-30,3865.0050048828125
2022-05-31,3903.6700439453125
2022-06-01,3888.6500244140625
2022-06-02,3875.7099609375
2022-06-03,3881.6300048828125
2022-06-04,3855.3800048828125
2022-06-05,3852.1500244140625
2022-06-06,3857.6700439453125
2022-06-07,3869.6099853515625
2022-06-08,3877.2899169921875
2022-06-09,3874.77001953125
2022-06-10,3892.5250244140625
2022-06-11,3915.3150634765625
2022-06-12,3931.52001953125
2022-06-13,3903.0849609375
2022-06-14,3858.22998046875
2022-06-15,3874.3349609375
2022-06-16,3846.1500244140625
2022-06-17,3813.7900390625
2022-06-18,3838.1300048828125
2022-06-19,3798.47998046875
2022-06-20,3776.72998046875
2022-06-21,3761.22998046875
2022-06-22,3770.5250244140625
2022-06-23,3773.89501953125
2022-06-24,3794.0250244140625
2022-06-25,3841.8900146484375
2022-06-26,3784.0050048828125
2022-06-27,3774.9749755859375
2022-06-28,3787.6400146484375
2022-06-29,3798.8399658203125
2022-06-30,3793.0650634765625
2022-07-01,3774.31005859375
2022-07-02,3756.9849853515625
2022-07-03,3740.3399658203125
2022-07-04,3743.6300048828125
2022-07-05,3760.2750244140625
2022-07-06,3743.2100830078125
2022-07-07,3753.7099609375
2022-07-08,3761.68994140625
2022-07-09,3846.9600830078125
2022-07-10,3867.0250244140625
2022-07-11,3884.7349853515625
2022-07-12,4105.530029296875
2022-07-13,4097.6199951171875
2022-07-14,3918.27001953125
2022-07-15,3909.9200439453125
2022-07-16,3941.8599853515625
2022-07-17,3856.89501953125
2022-07-18,3820.77001953125
2022-07-19,3800.3599853515625
2022-07-20,3853.1900634765625
2022-07-21,3924.3599853515625
2022-07-22,4058.534912109375
2022-07-23,4118.2750244140625
2022-07-24,3937.1500244140625
2022-07-25,3938.4400634765625
2022-07-26,4070.5849609375
2022-07-27,4142.8349609375
2022-07-28,4166.0650634765625
2022-07-29,4344.83984375
2022-07-30,4266.6300048828125
2022-07-31,4027.7900390625
2022-08-01,3995.18994140625
2022-08-02,4524.85498046875
2022-08-03,5372.85498046875
2022-08-04,5497.9150390625
2022-08-05,5292.0849609375
2022-08-06,5134.64013671875
2022-08-07,5015.294921875
2022-08-08,4749.419921875
2022-08-09,5086.68505859375
2022-08-10,5329.31494140625
2022-08-11,5407.8349609375
2022-08-12,5298.02490234375
2022-08-13,5075.7099609375
2022-08-14,4948.544921875
2022-08-15,4702.77001953125
2022-08-16,4828.14501953125
2022-08-17,5026.14501953125
2022-08-18,5151.625
2022-08-19,5323.73486328125
2022-08-20,5127.93994140625
2022-08-21,5160.419921875
2022-08-22,4821.669921875
2022-08-23,5088.7548828125
2022-08-24,4975.06005859375
2022-08-25,4890.10986328125
2022-08-26,4712.64013671875
2022-08-27,4596.85986328125
2022-08-28,4404.375
2022-08-29,4430.72998046875
2022-08-30,4534.4599609375
2022-08-31,4368.5
2022-09-01,4340.125
2022-09-02,4352.64990234375
2022-09-03,4404.93994140625
2022-09-04,4432.0849609375
2022-09-05,4445.0400390625
2022-09-06,4369.77001953125
2022-09-07,4306.77490234375
2022-09-08,4355.18994140625
2022-09-09,4526.47509765625
2022-09-10,4558.0
2022-09-11,4482.4951171875
2022-09-12,4519.35498046875
2022-09-13,4711.76513671875
2022-09-14,4728.1298828125
2022-09-15,4742.66015625
2022-09-16,4802.02490234375
2022-09-17,4463.429931640625
2022-09-18,4218.5
2022-09-19,4244.75
2022-09-20,4353.9599609375
2022-09-21,4638.56005859375
2022-09-22,5195.139892578125
2022-09-23,5264.89501953125
2022-09-24,5180.449951171875
2022-09-25,4995.3349609375
2022-09-26,5049.7099609375
2022-09-27,5723.27490234375
2022-09-28,5759.9599609375
2022-09-29,5750.39990234375
2022-09-30,6090.26513671875
2022-10-01,5117.7548828125
2022-10-02,4459.195068359375
2022-10-03,4394.89990234375
2022-10-04,4297.8499755859375
2022-10-05,4245.0999755859375
2022-10-06,4289.0999755859375
2022-10-07,4434.18994140625
2022-10-08,4598.93994140625
2022-10-09,4780.14501953125
2022-10-10,4333.14990234375
2022-10-11,4233.925048828125
2022-10-12,4243.0250244140625
2022-10-13,4369.81005859375
2022-10-14,4710.68994140625
2022-10-15,4705.4599609375
2022-10-16,4429.3701171875
2022-10-17,4354.625
2022-10-18,4439.35498046875
2022-10-19,4839.93994140625
2022-10-20,5076.5400390625
2022-10-21,5253.705078125
2022-10-22,5173.5
2022-10-23,5049.68505859375
2022-10-24,4946.385009765625
2022-10-25,5304.695068359375
2022-10-26,5524.81005859375
2022-10-27,5452.844970703125
2022-10-28,5458.01513671875
2022-10-29,5313.7451171875
2022-10-30,5038.5400390625
2022-10-31,5399.139892578125
2022-11-01,5811.08984375
2022-11-02,5751.5
2022-11-03,5623.1298828125
2022-11-04,5842.2900390625
2022-11-05,5735.320068359375
2022-11-06,5677.93505859375
2022-11-07,5588.83984375
2022-11-08,5724.455078125
2022-11-09,5776.9951171875
2022-11-10,5897.375
2022-11-11,5994.18994140625
2022-11-12,5967.39013671875
2022-11-13,5663.625
2022-11-14,5510.804931640625
2022-11-15,5987.14990234375
2022-11-16,5826.97998046875
2022-11-17,5703.43505859375
2022-11-18,5808.68505859375
2022-11-19,5701.10498046875
2022-11-20,5491.56005859375
2022-11-21,5550.010009765625
2022-11-22,5711.260009765625
2022-11-23,5843.91015625
2022-11-24,5852.06005859375
2022-11-25,5755.89501953125
2022-11-26,5670.43505859375
2022-11-27,5588.26513671875
2022-11-28,5908.77001953125
2022-11-29,5890.280029296875
2022-11-30,7080.294921875
2022-12-01,6698.385009765625
2022-12-02,6101.294921875
2022-12-03,5789.56005859375
2022-12-04,5745.14013671875
2022-12-05,5677.405029296875
2022-12-06,5955.5
2022-12-07,6057.919921875
2022-12-08,6031.760009765625
2022-12-09,6024.52490234375
2022-12-10,6022.16015625
2022-12-11,5883.58984375
2022-12-12,5878.465087890625
2022-12-13,6352.110107421875
2022-12-14,6637.85498046875
2022-12-15,6884.25
2022-12-16,7009.284912109375
2022-12-17,6776.93994140625
2022-12-18,5744.719970703125
2022-12-19,5371.4150390625
2022-12-20,5711.10009765625
2022-12-21,5890.054931640625
2022-12-22,5742.3349609375
2022-12-23,5683.4599609375
2022-12-24,5546.739990234375
2022-12-25,5438.125
2022-12-26,5415.5
2022-12-27,5526.75
2022-12-28,5668.719970703125
2022-12-29,5676.260009765625
2022-12-30,5527.2099609375
2022-12-31,5360.77490234375
2023-01-01,5215.33984375
2023-01-02,5346.64013671875
2023-01-03,5864.2099609375
2023-01-04,6127.429931640625
2023-01-05,6084.929931640625
2023-01-06,7027.60498046875
2023-01-07,7273.60986328125
2023-01-08,6086.284912109375
2023-01-09,5668.18994140625
2023-01-10,7284.60986328125
2023-01-11,8491.929931640625
2023-01-12,8555.094970703125
2023-01-13,9461.294921875
2023-01-14,8164.300048828125
2023-01-15,6548.72998046875
2023-01-16,5941.804931640625
2023-01-17,8082.2900390625
2023-01-18,7810.820068359375
2023-01-19,8998.31005859375
2023-01-20,10481.134765625
2023-01-21,10809.53515625
2023-01-22,10932.919921875
2023-01-23,11140.3798828125
2023-01-24,11193.21484375
2023-01-25,11001.25
2023-01-26,11226.46484375
2023-01-27,10836.2099609375
2023-01-28,10132.31005859375
2023-01-29,9663.0
2023-01-30,9526.27490234375
2023-01-31,8701.89990234375
2023-02-01,8062.030029296875
2023-02-02,7120.35986328125
2023-02-03,7609.97509765625
2023-02-04,7527.85009765625
2023-02-05,7912.655029296875
2023-02-06,8557.41015625
2023-02-07,9040.52001953125
2023-02-08,9632.9501953125
2023-02-09,9825.5048828125
2023-02-10,9856.169921875
2023-02-11,9963.9599609375
2023-02-12,9915.044921875
2023-02-13,10127.71484375
2023-02-14,11540.73486328125
2023-02-15,13221.35986328125
2023-02-16,14491.69482421875
2023-02-17,14534.93994140625
2023-02-18,14465.19482421875
2023-02-19,13521.9248046875
2023-02-20,13046.64990234375
2023-02-21,13130.22998046875
2023-02-22,12850.47021484375
2023-02-23,12630.47509765625
2023-02-24,12500.51025390625
2023-02-25,13163.18017578125
2023-02-26,14709.7099609375
2023-02-27,16053.44482421875
2023-02-28,15385.46484375
2023-03-01,14564.9599609375
2023-03-02,12421.76513671875
2023-03-03,10644.1748046875
2023-03-04,9833.78515625
2023-03-05,8012.360107421875
2023-03-06,6977.64013671875
2023-03-07,6972.93994140625
2023-03-08,7111.719970703125
2023-03-09,7056.824951171875
2023-03-10,6963.864990234375
2023-03-11,7024.534912109375
2023-03-12,9606.9150390625
2023-03-13,11384.7099609375
2023-03-14,13350.77490234375
2023-03-15,14907.02490234375
2023-03-16,16296.375
2023-03-17,16419.58056640625
2023-03-18,16034.9599609375
2023-03-19,15889.81982421875
2023-03-20,15613.56005859375
2023-03-21,15641.830078125
2023-03-22,15068.615234375
2023-03-23,14082.78515625
2023-03-24,13073.625
2023-03-25,10808.3251953125
2023-03-26,8846.3251953125
2023-03-27,8242.6650390625
2023-03-28,8424.93994140625
2023-03-29,8536.31005859375
2023-03-30,9040.044921875
2023-03-31,7299.43994140625
2023-04-01,6098.93994140625
2023-04-02,5749.48486328125
2023-04-03,5612.68994140625
2023-04-04,5788.22998046875
2023-04-05,5769.919921875
2023-04-06,5560.6298828125
2023-04-07,5401.27490234375
2023-04-08,5223.27490234375
2023-04-09,5176.43994140625
2023-04-10,5123.97509765625
2023-04-11,5176.93505859375
2023-04-12,5293.48486328125
2023-04-13,5534.25
2023-04-14,8301.530029296875
2023-04-15,10044.7451171875
2023-04-16,9683.52001953125
2023-04-17,9108.2548828125
2023-04-18,8785.0400390625
2023-04-19,10091.9150390625
2023-04-20,14107.68505859375
2023-04-21,15914.580078125
2023-04-22,14851.93505859375
2023-04-23,10817.02490234375
2023-04-24,7728.08984375
2023-04-25,6810.89990234375
2023-04-26,7611.844970703125
2023-04-27,8563.615234375
2023-04-28,8866.77001953125
2023-04-29,9081.22021484375
2023-04-30,9702.77001953125
2023-05-01,10204.71484375
2023-05-02,9987.43017578125
2023-05-03,9018.97509765625
2023-05-04,7213.01513671875
2023-05-05,6448.7548828125
2023-05-06,5797.52490234375
2023-05-07,5643.7451171875
2023-05-08,5575.72998046875
2023-05-09,5727.330078125
2023-05-10,6108.580078125
2023-05-11,6245.35498046875
2023-05-12,6300.794921875
2023-05-13,5986.64990234375
2023-05-14,5658.35009765625
2023-05-15,5599.0
2023-05-16,5594.044921875
2023-05-17,5466.93994140625
2023-05-18,5214.16015625
2023-05-19,5222.5
2023-05-20,5132.33984375
2023-05-21,5076.89013671875
2023-05-22,5024.2099609375
2023-05-23,5042.14990234375
2023-05-24,5180.9150390625
2023-05-25,5164.3349609375
2023-05-26,5094.5400390625
2023-05-27,5016.4951171875
2023-05-28,5036.41015625
2023-05-29,5008.22998046875
2023-05-30,5086.66015625
2023-05-31,5131.68994140625
2023-06-01,5113.2099609375
2023-06-02,5122.2900390625
2023-06-03,5133.375
2023-06-04,5239.9150390625
2023-06-05,5018.02001953125
2023-06-06,5338.294921875
2023-06-07,5433.43505859375
2023-06-08,5144.81005859375
2023-06-09,4906.4599609375
2023-06-10,4870.58984375
2023-06-11,4899.83984375
2023-06-12,5016.52001953125
2023-06-13,5368.9599609375
2023-06-14,5855.81005859375
2023-06-15,6419.48486328125
2023-06-16,7584.14013671875
2023-06-17,6374.33984375
2023-06-18,6463.0048828125
2023-06-19,5711.2548828125
2023-06-20,6003.2900390625
2023-06-21,6018.10009765625
2023-06-22,6144.544921875
2023-06-23,6046.18994140625
2023-06-24,5679.56005859375
2023-06-25,5138.22998046875
2023-06-26,5009.4599609375
2023-06-27,5338.0
2023-06-28,5276.3349609375
2023-06-29,5177.35986328125
2023-06-30,5216.31005859375
2023-07-01,4930.8701171875
2023-07-02,4862.81005859375
2023-07-03,4812.7900390625
2023-07-04,4816.419921875
2023-07-05,4854.6298828125
2023-07-06,4938.75
2023-07-07,5783.60009765625
2023-07-08,5779.10498046875
2023-07-09,4949.56005859375
2023-07-10,4852.6298828125
2023-07-11,5060.5400390625
2023-07-12,5007.590087890625
2023-07-13,4938.10498046875
2023-07-14,5310.625
2023-07-15,5265.27001953125
2023-07-16,4957.050048828125
2023-07-17,4868.7099609375
2023-07-18,4911.97998046875
2023-07-19,4990.330078125
2023-07-20,4956.89990234375
2023-07-21,4981.27490234375
2023-07-22,4976.83984375
2023-07-23,4959.7900390625
2023-07-24,4926.4599609375
2023-07-25,5065.3349609375
2023-07-26,5119.83984375
2023-07-27,5162.18994140625
2023-07-28,5202.625
2023-07-29,5075.27001953125
2023-07-30,4972.72998046875
2023-07-31,4931.31005859375
2023-08-01,5128.6201171875
2023-08-02,5223.85009765625
2023-08-03,5335.18994140625
2023-08-04,5165.080078125
2023-08-05,5243.9599609375
2023-08-06,5106.7900390625
2023-08-07,5012.2099609375
2023-08-08,5251.76513671875
2023-08-09,5495.6201171875
2023-08-10,5654.6650390625
2023-08-11,5796.06494140625
2023-08-12,5861.47998046875
2023-08-13,5641.7900390625
2023-08-14,5218.31005859375
2023-08-15,5927.33984375
2023-08-16,5730.4150390625
2023-08-17,5678.26513671875
2023-08-18,5636.72509765625
2023-08-19,5576.23486328125
2023-08-20,5390.08984375
2023-08-21,5255.3349609375
2023-08-22,6108.89501953125
2023-08-23,6160.73486328125
2023-08-24,6835.76513671875
2023-08-25,6932.16015625
2023-08-26,6427.91015625
2023-08-27,5599.4599609375
2023-08-28,5803.3701171875
2023-08-29,6371.2900390625
2023-08-30,5859.47998046875
2023-08-31,5960.35498046875
2023-09-01,5872.06005859375
2023-09-02,5733.0849609375
2023-09-03,5384.1650390625
2023-09-04,5229.68505859375
2023-09-05,6079.5400390625
2023-09-06,5813.60986328125
2023-09-07,5424.89501953125
2023-09-08,5322.125
2023-09-09,5929.64501953125
2023-09-10,5529.06494140625
2023-09-11,5363.25
2023-09-12,6107.31005859375
2023-09-13,6216.205078125
2023-09-14,6206.66015625
2023-09-15,5871.85986328125
2023-09-16,5792.919921875
2023-09-17,5478.83984375
2023-09-18,5333.48486328125
2023-09-19,6341.60009765625
2023-09-20,6546.080078125
2023-09-21,6607.9951171875
2023-09-22,6444.8798828125
2023-09-23,6061.534912109375
2023-09-24,5637.239990234375
2023-09-25,5671.840087890625
2023-09-26,6585.14990234375
2023-09-27,6790.0849609375
2023-09-28,6564.580078125
2023-09-29,6344.300048828125
2023-09-30,6098.830078125
2023-10-01,5889.52490234375
2023-10-02,5259.64013671875
2023-10-03,6587.1298828125
2023-10-04,6970.340087890625
2023-10-05,7097.239990234375
2023-10-06,7295.074951171875
2023-10-07,6717.76513671875
2023-10-08,6184.590087890625
2023-10-09,6038.58984375
2023-10-10,6941.080078125
2023-10-11,6714.804931640625
2023-10-12,6256.155029296875
2023-10-13,5644.89013671875
2023-10-14,5756.7900390625
2023-10-15,5139.429931640625
2023-10-16,5091.10498046875
2023-10-17,5768.9599609375
2023-10-18,5816.5048828125
2023-10-19,6102.4150390625
2023-10-20,6134.91015625
2023-10-21,5479.89013671875
2023-10-22,5201.344970703125
2023-10-23,5185.52001953125
2023-10-24,6058.625
2023-10-25,6396.409912109375
2023-10-26,6290.31005859375
2023-10-27,6955.93994140625
2023-10-28,6951.60009765625
2023-10-29,6745.425048828125
2023-10-30,6777.89013671875
2023-10-31,7188.93994140625
2023-11-01,7599.905029296875
2023-11-02,7760.550048828125
2023-11-03,8875.33984375
2023-11-04,9443.7099609375
2023-11-05,8808.5751953125
2023-11-06,8086.8349609375
2023-11-07,8364.594970703125
2023-11-08,7817.75
2023-11-09,7279.33984375
2023-11-10,7434.989990234375
2023-11-11,7563.2900390625
2023-11-12,7271.18994140625
2023-11-13,8481.75
2023-11-14,8496.18994140625
2023-11-15,7755.3798828125
2023-11-16,8129.179931640625
2023-11-17,7878.10009765625
2023-11-18,8008.465087890625
2023-11-19,7335.4951171875
2023-11-20,6784.83984375
2023-11-21,7379.989990234375
2023-11-22,7363.9150390625
2023-11-23,7380.0400390625
2023-11-24,7698.89501953125
2023-11-25,7618.875
2023-11-26,6395.85986328125
2023-11-27,6307.85009765625
2023-11-28,7564.66015625
2023-11-29,7855.3349609375
2023-11-30,7754.010009765625
2023-12-01,7667.590087890625
2023-12-02,7560.905029296875
2023-12-03,6696.60498046875
2023-12-04,7198.614990234375
2023-12-05,6588.5048828125
2023-12-06,6362.2451171875
2023-12-07,7186.574951171875
2023-12-08,7383.074951171875
2023-12-09,6795.6298828125
2023-12-10,6077.4599609375
2023-12-11,6538.044921875
2023-12-12,7335.2451171875
2023-12-13,6870.5400390625
2023-12-14,6463.635009765625
2023-12-15,7022.425048828125
2023-12-16,6922.6201171875
2023-12-17,6386.080078125
2023-12-18,6660.510009765625
2023-12-19,6746.2900390625
2023-12-20,6832.8701171875
2023-12-21,6431.080078125
2023-12-22,6608.23486328125
2023-12-23,6288.469970703125
2023-12-24,6713.3349609375
2023-12-25,5609.8701171875
2023-12-26,5993.1201171875
2023-12-27,5969.39501953125
2023-12-28,5445.919921875
2023-12-29,5456.324951171875
2023-12-30,5787.820068359375
2023-12-31,5445.85986328125
2024-01-01,5377.68505859375
2024-01-02,5785.125
2024-01-03,6174.23486328125
2024-01-04,5944.705078125
2024-01-05,6248.39501953125
2024-01-06,6141.570068359375
2024-01-07,6169.889892578125
2024-01-08,6477.510009765625
2024-01-09,6995.860107421875
2024-01-10,6553.93994140625
2024-01-11,7724.64501953125
2024-01-12,7427.52001953125
2024-01-13,6583.625
2024-01-14,6893.0400390625
2024-01-15,6938.8349609375
2024-01-16,7603.10498046875
2024-01-17,7183.27001953125
2024-01-18,7128.89501953125
2024-01-19,7225.2900390625
2024-01-20,7810.77001953125
2024-01-21,7130.14501953125
2024-01-22,6845.77001953125
2024-01-23,7452.56005859375
2024-01-24,7085.85498046875
2024-01-25,6847.909912109375
2024-01-26,6636.125
2024-01-27,6498.81005859375
2024-01-28,5819.375
2024-01-29,5729.1201171875
2024-01-30,5943.9150390625
2024-01-31,7093.02001953125
2024-02-01,7090.0400390625
2024-02-02,6088.7900390625
2024-02-03,5346.0400390625
2024-02-04,5080.47998046875
2024-02-05,4985.75
2024-02-06,5337.875
2024-02-07,5148.18994140625
2024-02-08,5373.93994140625
2024-02-09,6572.9150390625
2024-02-10,5567.64501953125
2024-02-11,5170.47998046875
2024-02-12,4988.06005859375
2024-02-13,4973.3349609375
2024-02-14,5123.3349609375
2024-02-15,5475.93994140625
2024-02-16,5699.18994140625
2024-02-17,7290.02001953125
2024-02-18,7103.75
2024-02-19,7013.52001953125
2024-02-20,7059.8349609375
2024-02-21,6666.18994140625
2024-02-22,6089.125
2024-02-23,5982.06005859375
2024-02-24,5556.47998046875
2024-02-25,5240.4150390625
2024-02-26,5050.125
2024-02-27,5130.0849609375
2024-02-28,5447.4599609375
2024-02-29,6032.97998046875
2024-03-01,5820.31005859375
2024-03-02,6063.02001953125
2024-03-03,5622.2900390625
2024-03-04,5046.06005859375
2024-03-05,5732.4150390625
2024-03-06,5577.625
2024-03-07,5290.75
2024-03-08,5105.68994140625
2024-03-09,4954.125
2024-03-10,4983.81005859375
2024-03-11,5442.0
2024-03-12,5403.375
2024-03-13,5279.72998046875
2024-03-14,5304.77001953125
2024-03-15,5300.25
2024-03-16,5500.81005859375
2024-03-17,5379.85498046875
2024-03-18,5079.31005859375
2024-03-19,5338.22998046875
2024-03-20,5478.679931640625
2024-03-21,5667.5400390625
2024-03-22,5428.0849609375
2024-03-23,5271.3349609375
2024-03-24,4872.31005859375
2024-03-25,4840.4150390625
2024-03-26,4880.8349609375
2024-03-27,4971.7900390625
2024-03-28,5008.47998046875
2024-03-29,4856.72998046875
2024-03-30,4829.72998046875
2024-03-31,4746.1650390625
2024-04-01,4635.4150390625
2024-04-02,4546.85498046875
2024-04-03,4726.02001953125
2024-04-04,4925.02001953125
2024-04-05,4895.0400390625
2024-04-06,4493.47998046875
2024-04-07,4659.875
2024-04-08,4203.199951171875
2024-04-09,4170.5999755859375
2024-04-10,4296.5400390625
2024-04-11,4696.97998046875
2024-04-12,4629.93994140625
2024-04-13,4346.64501953125
2024-04-14,4179.3699951171875
2024-04-15,4180.1500244140625
2024-04-16,4289.4100341796875
2024-04-17,6055.06005859375
2024-04-18,6180.925048828125
2024-04-19,5963.85498046875
2024-04-20,5361.18994140625
2024-04-21,5148.5849609375
2024-04-22,4850.02001953125
2024-04-23,5041.35498046875
2024-04-24,4769.68994140625
2024-04-25,4725.77001953125
2024-04-26,4859.89501953125
2024-04-27,4335.93994140625
2024-04-28,4250.52001953125
2024-04-29,4276.31005859375
2024-04-30,4280.10498046875
2024-05-01,4282.10498046875
2024-05-02,4288.625
2024-05-03,4247.0400390625
2024-05-04,4255.8349609375
2024-05-05,4210.14501953125
2024-05-06,4211.875
2024-05-07,4235.72998046875
2024-05-08,4251.56005859375
2024-05-09,4252.97998046875
2024-05-10,4207.27001953125
2024-05-11,4220.25
2024-05-12,4216.5849609375
2024-05-13,4269.31005859375
2024-05-14,4257.02001953125
2024-05-15,4046.8699951171875
2024-05-16,4002.8299560546875
2024-05-17,3976.10498046875
2024-05-18,3967.219970703125
2024-05-19,4024.1900634765625
2024-05-20,4038.9150390625
2024-05-21,4022.85498046875
2024-05-22,4023.5849609375
2024-05-23,4031.81005859375
2024-05-24,4110.93994140625
2024-05-25,4138.77001953125
2024-05-26,4093.56005859375
2024-05-27,4100.5150146484375
2024-05-28,4124.56494140625
2024-05-29,4080.7900390625
2024-05-30,4062.375
2024-05-31,4038.25
2024-06-01,3940.2099609375
2024-06-02,3932.780029296875
2024-06-03,3955.969970703125
2024-06-04,4022.2900390625
2024-06-05,3997.31005859375
2024-06-06,3992.6650390625
2024-06-07,3979.77001953125
2024-06-08,3999.5
2024-06-09,4034.27001953125
2024-06-10,4040.14501953125
2024-06-11,3993.89501953125
2024-06-12,3954.5
2024-06-13,3947.22998046875
2024-06-14,4066.64501953125
2024-06-15,4038.300048828125
2024-06-16,4029.1650390625
2024-06-17,4005.4150390625
2024-06-18,4020.18994140625
2024-06-19,4051.7900390625
2024-06-20,4037.89501953125
2024-06-21,3982.56005859375
2024-06-22,3981.125
2024-06-23,3994.52001953125
2024-06-24,3974.39990234375
2024-06-25,3867.47998046875
2024-06-26,3913.89501953125
2024-06-27,4015.56005859375
2024-06-28,3870.159912109375
2024-06-29,3916.52001953125
2024-06-30,4055.89501953125
2024-07-01,3962.02001953125
2024-07-02,3955.14501953125
2024-07-03,3961.2900390625
2024-07-04,3970.27001953125
2024-07-05,3872.47998046875
2024-07-06,3880.7099609375
2024-07-07,3872.7900390625
2024-07-08,3938.75
2024-07-09,4060.27001953125
2024-07-10,4095.14501953125
2024-07-11,4141.8349609375
2024-07-12,4033.97998046875
2024-07-13,4125.22998046875
2024-07-14,4029.18994140625
2024-07-15,3991.625
2024-07-16,3889.97998046875
2024-07-17,3882.7900390625
2024-07-18,3915.22998046875
2024-07-19,3935.39501953125
2024-07-20,3905.14501953125
2024-07-21,3905.125
2024-07-22,3881.7099609375
2024-07-23,3881.7900390625
2024-07-24,3869.93994140625
2024-07-25,3925.0400390625
2024-07-26,3910.47998046875
2024-07-27,3904.35498046875
2024-07-28,3903.25
2024-07-29,3927.14501953125
2024-07-30,3872.85498046875
2024-07-31,3853.6650390625
2024-08-01,3830.5849609375
2024-08-02,3812.9599609375
2024-08-03,3913.3349609375
2024-08-04,3878.81005859375
2024-08-05,3884.64501953125
2024-08-06,3856.93994140625
2024-08-07,3875.625
2024-08-08,3911.6650390625
2024-08-09,3978.375
2024-08-10,3918.14501953125
2024-08-11,3904.02001953125
2024-08-12,4525.06005859375
2024-08-13,5243.1650390625
2024-08-14,5074.25
2024-08-15,5060.72998046875
2024-08-16,5057.56005859375
2024-08-17,5024.43994140625
2024-08-18,5055.2900390625
2024-08-19,5282.02001953125
2024-08-20,5306.31005859375
2024-08-21,5121.89501953125
2024-08-22,5183.72998046875
2024-08-23,5310.0849609375
2024-08-24,4931.5400390625
2024-08-25,4612.97998046875
2024-08-26,4729.7900390625
2024-08-27,4937.4599609375
2024-08-28,5040.8349609375
2024-08-29,4975.02001953125
2024-08-30,4881.7900390625
2024-08-31,4738.5400390625
2024-09-01,4592.2900390625
2024-09-02,4693.18994140625
2024-09-03,4990.875
2024-09-04,4972.47998046875
2024-09-05,5041.64501953125
2024-09-06,4916.5849609375
2024-09-07,4742.875
2024-09-08,4591.5
2024-09-09,4714.77001953125
2024-09-10,4972.3349609375
2024-09-11,5035.75
2024-09-12,4939.955078125
2024-09-13,5519.6650390625
2024-09-14,5223.35498046875
2024-09-15,4852.25
2024-09-16,4957.0
2024-09-17,4952.0
2024-09-18,5071.25
2024-09-19,5460.4150390625
2024-09-20,5638.625
2024-09-21,5314.52001953125
2024-09-22,4868.81005859375
2024-09-23,5506.0400390625
2024-09-24,5732.93994140625
2024-09-25,5794.0400390625
2024-09-26,5874.0400390625
2024-09-27,6077.18994140625
2024-09-28,6007.35498046875
2024-09-29,5669.64501953125
2024-09-30,5400.5
2024-10-01,5787.6650390625
2024-10-02,5875.18994140625
2024-10-03,6166.27001953125
2024-10-04,5559.81005859375
2024-10-05,5221.8349609375
2024-10-06,4951.7099609375
2024-10-07,4952.18994140625
2024-10-08,4946.9599609375
2024-10-09,5596.52001953125
2024-10-10,5523.2900390625
2024-10-11,5421.469970703125
2024-10-12,5298.7099609375
2024-10-13,5774.68994140625
2024-10-14,5741.199951171875
2024-10-15,5787.169921875
2024-10-16,5935.98486328125
2024-10-17,6253.76513671875
2024-10-18,7037.14501953125
2024-10-19,6526.925048828125
2024-10-20,6674.22998046875
2024-10-21,7265.509765625
2024-10-22,7670.58984375
2024-10-23,7682.0751953125
2024-10-24,8087.7900390625
2024-10-25,9016.1748046875
2024-10-26,9381.490234375
2024-10-27,9007.7900390625
2024-10-28,8055.6201171875
2024-10-29,9080.625
2024-10-30,5784.5
2024-10-31,5664.5
2024-11-01,5648.9599609375
2024-11-02,5656.919921875
2024-11-03,5212.4599609375
2024-11-04,7865.06005859375
2024-11-05,7118.7099609375
2024-11-06,6344.97998046875
2024-11-07,7499.97998046875
2024-11-08,7040.455078125
2024-11-09,6226.614990234375
2024-11-10,6676.9599609375
2024-11-11,6386.35498046875
2024-11-12,7618.9150390625
2024-11-13,7304.72998046875
2024-11-14,6835.5400390625
2024-11-15,6308.989990234375
2024-11-16,5805.47509765625
2024-11-17,5960.3349609375
2024-11-18,7545.35498046875
2024-11-19,8179.5
2024-11-20,7078.43994140625
2024-11-21,6989.125
2024-11-22,7432.0400390625
2024-11-23,7861.0
2024-11-24,6365.6650390625
2024-11-25,6731.2548828125
2024-11-26,7338.10498046875
2024-11-27,8376.2099609375
2024-11-28,7798.85009765625
2024-11-29,8562.7998046875
2024-11-30,7774.5
2024-12-01,6871.43994140625
2024-12-02,8999.4599609375
2024-12-03,10087.875
2024-12-04,10572.02001953125
2024-12-05,8275.375
2024-12-06,7657.18994140625
2024-12-07,10129.56005859375
2024-12-08,10114.9150390625
2024-12-09,10306.56005859375
2024-12-10,9965.2099609375
2024-12-11,9300.68994140625
2024-12-12,10006.10986328125
2024-12-13,9205.93994140625
2024-12-14,8727.77001953125
2024-12-15,7764.58984375
2024-12-16,6316.3798828125
2024-12-17,6341.080078125
2024-12-18,6471.7998046875
2024-12-19,6788.3798828125
2024-12-20,6907.75
2024-12-21,7099.919921875
2024-12-22,5993.9599609375
2024-12-23,5522.6201171875
2024-12-24,5396.9599609375
2024-12-25,5276.580078125
2024-12-26,5231.919921875
2024-12-27,5391.830078125
2024-12-28,5281.6201171875
2024-12-29,5209.5400390625
2024-12-30,5345.2900390625
2024-12-31,5776.1201171875
