vazao,geracao_l0,geracao_l02,geracao_l1
2181.1650390625,4212.391100393631,5185.09139524231,5094.162523858286
2365.531703756313,4545.845627102659,5410.134707226154,5309.872184579172
2549.8983684501263,4873.6798525091335,5623.351936616178,5518.595996685283
2734.2650331439395,5195.506527878986,5827.565105708995,5722.273237150737
2918.6316978377527,5510.966602644915,6025.129192435881,5922.3191727068825
3102.9983625315654,5819.730101072053,6217.983508787063,6119.762208387265
3287.365027225379,6121.496744021213,6407.701424639847,6315.347002264027
3471.7316919191917,6415.996321875067,6595.536682712316,6509.6109084030895
3656.0983566130053,6702.988827794323,6782.4655536968885,6702.940157403199
3840.465021306818,6982.264363201182,6969.224715582051,6895.610946886143
4024.831686000631,7253.6428297148905,7156.34511124814,7087.819438377086
4209.198350694444,7516.973423670893,7344.182224957654,7279.7036660121175
4393.565015388258,7772.133950836114,7532.943282300016,7471.359577635301
4577.931680082071,8019.029979994214,7722.711863719089,7662.852829396653
4762.298344775883,8257.593854732984,7913.470360354306,7854.22750740844
4946.665009469697,8487.783583046414,8105.120614563513,8045.512620755102
5131.031674163511,8709.581624298027,8297.502991455909,8236.72697025951
5315.398338857323,8922.993592716777,8490.414032596254,8427.882823750919
5499.765003551136,9128.046895952386,8683.622755932653,8618.988703398887
5684.131668244949,9324.789326345213,8876.885591689153,8810.051500683412
5868.498332938762,9513.287621509058,9069.959885342465,9001.078069981322
6052.864997632576,9693.626009624928,9262.6158573113,9192.076405438844
6237.231662326389,9865.904753539427,9454.646884904287,9383.056472622868
6421.598327020202,10030.238706389253,9645.877964745398,9574.030742700274
6605.964991714015,10186.755890067445,9836.172221962377,9765.014459939426
6790.331656407829,10335.59610643648,10025.435354028668,9956.025661276866
6974.698321101642,10476.909589804018,10213.617930160774,10147.084958208976
7159.064985795454,10610.85570783075,10400.715509375135,10338.215085414406
7343.431650489268,10737.601716753989,10586.766589561266,10529.440216633446
7527.79831518308,10857.32157559933,10771.84845426799,10720.785045979748
7712.164979876894,10970.194822925918,10956.071041574483,10912.27363174125
7896.531644570708,11076.405518616495,11139.569018847465,11103.92799965678
8080.89830926452,11176.141252284604,11322.49230685527,11295.76650352966
8265.264973958332,11269.592219030836,11504.995355019975,11487.80194281831
8449.631638652147,11356.950362536758,11687.225524684312,11680.039439530512
8633.99830334596,11438.40858483719,11869.31098688667,11872.474080380338
8818.364968039772,11514.160021555144,12051.34858251179,12065.088334805849
9002.731632733587,11584.397380914357,12233.392122557507,12257.849265166737
9187.098297427397,11649.312344456073,12415.44162101724,12450.705552325024
9371.464962121212,11709.095027073792,12597.433948837419,12643.584367934127
9555.831626815025,11763.933493735429,12779.235371238023,12836.38813418243
9740.198291508837,11814.013330080039,12960.636379934176,13028.991222487073
9924.564956202652,11859.517263949618,13141.349155472048,13221.236654696715
10108.931620896465,11900.624834838682,13321.007893975699,13412.93288365921
10293.298285590277,11937.512108209408,13499.172110420299,13603.850744372481
10477.66495028409,11970.351431622112,13675.332892896658,13793.720682082652
10662.031614977905,11999.311229664072,13848.921937263802,13946.316250000002
10846.398279671717,12024.55583471933,13946.316250000002,13946.316250000002
11030.76494436553,12046.245350703146,13946.316250000002,13946.316250000002
11215.131609059345,12064.535546983368,13946.316250000002,13946.316250000002
11399.498273753157,12079.57777982286,13946.316250000002,13946.316250000002
11583.86493844697,12091.51893879927,13946.316250000002,13946.316250000002
11768.231603140785,12100.501415787996,13946.316250000002,13946.316250000002
11952.598267834595,12106.663094227772,13946.316250000002,13946.316250000002
12136.964932528408,12110.137356525145,13946.316250000002,13946.316250000002
12321.331597222223,12111.053107590564,13946.316250000002,13946.316250000002
12505.698261916035,12109.534812634964,13946.316250000002,13946.316250000002
12690.06492660985,12105.702547488949,13946.316250000002,13946.316250000002
12874.43159130366,12099.672059836788,13946.316250000002,13946.316250000002
13058.798255997473,12091.554839883165,13946.316250000002,13946.316250000002
13243.164920691288,12081.458199091394,13946.316250000002,13946.316250000002
13427.5315853851,12069.485355747187,13946.316250000002,13946.316250000002
13611.898250078915,12055.73552621173,13946.316250000002,13946.316250000002
13796.264914772728,12040.304020831438,13946.316250000002,13946.316250000002
13980.63157946654,12023.282343569454,13946.316250000002,13946.316250000002
14164.998244160353,12004.758294515192,13946.316250000002,13946.316250000002
14349.364908854166,11984.816074514049,13946.316250000002,13946.316250000002
14533.73157354798,11963.536391238547,13946.316250000002,13946.316250000002
14718.098238241793,11940.996566096199,13946.316250000002,13946.316250000002
14902.464902935608,11917.270641437337,13946.316250000002,13946.316250000002
15086.831567629419,11892.429487589114,13946.316250000002,13946.316250000002
15271.198232323231,11866.540909299501,13946.316250000002,13946.316250000002
15455.564897017046,11839.669751228002,13946.316250000002,13946.316250000002
15639.931561710859,11811.878002168054,13946.316250000002,13946.316250000002
15824.298226404673,11783.224897730075,13946.316250000002,13946.316250000002
16008.664891098484,11753.767021253987,13946.316250000002,13946.316250000002
16193.031555792297,11723.558402756324,13946.316250000002,13946.316250000002
16377.398220486111,11692.650615749486,13946.316250000002,13946.316250000002
16561.764885179924,11661.092871800214,13946.316250000002,13946.316250000002
16746.13154987374,11628.9321127207,13946.316250000002,13946.316250000002
16930.49821456755,11596.213100309295,13946.316250000002,13946.316250000002
17114.864879261364,11562.97850357877,13946.316250000002,13946.316250000002
17299.231543955175,11529.268983428876,13946.316250000002,13946.316250000002
17483.59820864899,11495.123274736332,13946.316250000002,13946.316250000002
17667.964873342804,11460.578265849997,13946.316250000002,13946.316250000002
17852.33153803662,11425.669075491744,13946.316250000002,13946.316250000002
18036.69820273043,11390.429127074654,13946.316250000002,13946.316250000002
18221.06486742424,11354.890220459885,13946.316250000002,13946.316250000002
18405.431532118055,11319.082601181788,13946.316250000002,13946.316250000002
18589.79819681187,11283.03502717812,13946.316250000002,13946.316250000002
18774.16486150568,11246.774833068077,13946.316250000002,13946.316250000002
18958.531526199495,11210.327992026032,13946.316250000002,13946.316250000002
19142.89819089331,11173.719175303093,13946.316250000002,13946.316250000002
19327.264855587124,11136.971809451883,13946.316250000002,13946.316250000002
19511.631520280935,11100.108131312785,13946.316250000002,13946.316250000002
19695.998184974746,11063.149240821913,13946.316250000002,13946.316250000002
19880.36484966856,11026.115151702674,13946.316250000002,13946.316250000002
20064.731514362375,10989.02484010387,13946.316250000002,13946.316250000002
20249.09817905619,10951.896291247827,13946.316250000002,13946.316250000002
20433.46484375,10914.746544152516,13946.316250000002,13946.316250000002
