modelo,formulacao,grupo_features,periodo,n,rmse_mwmed,mae_mwmed,r2,bias_mwmed,tempo_treino_s,observacao
persistencia_dia_anterior,baseline,nao_aplica,treino_2015_2022,2889,689.38,521.52,0.8855,0.76,0.000000,P_t = P_{t-1}
persistencia_dia_anterior,baseline,nao_aplica,teste_2023_2024,731,590.44,464.56,0.8789,-0.94,0.000000,P_t = P_{t-1}
persistencia_delta_mensal,residuo_sobre_persistencia,nao_aplica,treino_2015_2022,2889,688.78,521.08,0.8857,0.00,0.000000,P_t = P_{t-1} + media_treino(P_t-P_{t-1}|mes)
persistencia_delta_mensal,residuo_sobre_persistencia,nao_aplica,teste_2023_2024,731,590.39,464.00,0.8789,-1.13,0.000000,P_t = P_{t-1} + media_treino(P_t-P_{t-1}|mes)
media_mensal_historica,anomalia_mensal,nao_aplica,treino_2015_2022,2889,1894.51,1565.67,0.1351,-0.00,0.000000,media mensal ajustada somente no treino
media_mensal_historica,anomalia_mensal,nao_aplica,teste_2023_2024,731,1854.05,1540.63,-0.1944,1049.74,0.000000,media mensal ajustada somente no treino
ridge_absoluto,absoluto,hidro_lag1_basico,treino_2015_2022,2889,1524.48,1239.50,0.4400,-18.50,0.000000,regressao linear ridge sobre features normalizadas
ridge_absoluto,absoluto,hidro_lag1_basico,teste_2023_2024,731,1705.77,1389.41,-0.0110,919.29,0.000000,regressao linear ridge sobre features normalizadas
rf_absoluto,absoluto,hidro_lag1_basico,treino_2015_2022,2889,931.53,717.55,0.7909,2.74,0.060107,Random Forest implementada em Rust
rf_absoluto,absoluto,hidro_lag1_basico,teste_2023_2024,731,1521.45,1176.97,0.1957,740.83,0.060107,Random Forest implementada em Rust
mlp_absoluto,absoluto,hidro_lag1_basico,treino_2015_2022,2889,1106.61,868.17,0.7049,0.92,2.534350,MLP janela temporal simples; epocas=1200; sem variaveis futuras
mlp_absoluto,absoluto,hidro_lag1_basico,teste_2023_2024,731,1549.67,1196.18,0.1655,693.96,2.534350,MLP janela temporal simples; epocas=1200; sem variaveis futuras
ridge_anomalia_mensal,anomalia_mensal,hidro_lag1_basico,treino_2015_2022,2889,1502.35,1221.45,0.4561,-17.53,0.000000,regressao linear ridge sobre features normalizadas
ridge_anomalia_mensal,anomalia_mensal,hidro_lag1_basico,teste_2023_2024,731,1775.58,1459.37,-0.0955,913.21,0.000000,regressao linear ridge sobre features normalizadas
rf_anomalia_mensal,anomalia_mensal,hidro_lag1_basico,treino_2015_2022,2889,944.33,730.88,0.7851,0.37,0.055169,Random Forest implementada em Rust
rf_anomalia_mensal,anomalia_mensal,hidro_lag1_basico,teste_2023_2024,731,1540.66,1188.23,0.1752,758.70,0.055169,Random Forest implementada em Rust
mlp_anomalia_mensal,anomalia_mensal,hidro_lag1_basico,treino_2015_2022,2889,1142.30,896.17,0.6856,0.34,2.483827,MLP janela temporal simples; epocas=1200; sem variaveis futuras
mlp_anomalia_mensal,anomalia_mensal,hidro_lag1_basico,teste_2023_2024,731,1519.52,1185.19,0.1977,647.92,2.483827,MLP janela temporal simples; epocas=1200; sem variaveis futuras
ridge_residuo_sobre_persistencia,residuo_sobre_persistencia,hidro_lag1_basico,treino_2015_2022,2889,684.68,518.78,0.8870,-0.00,0.000000,regressao linear ridge sobre features normalizadas
ridge_residuo_sobre_persistencia,residuo_sobre_persistencia,hidro_lag1_basico,teste_2023_2024,731,588.75,462.70,0.8796,-9.87,0.000000,regressao linear ridge sobre features normalizadas
rf_residuo_sobre_persistencia,residuo_sobre_persistencia,hidro_lag1_basico,treino_2015_2022,2889,636.01,483.38,0.9025,-2.50,0.053561,Random Forest implementada em Rust
rf_residuo_sobre_persistencia,residuo_sobre_persistencia,hidro_lag1_basico,teste_2023_2024,731,590.85,462.88,0.8787,-12.28,0.053561,Random Forest implementada em Rust
mlp_residuo_sobre_persistencia,residuo_sobre_persistencia,hidro_lag1_basico,treino_2015_2022,2889,684.32,518.66,0.8872,-0.02,2.485808,MLP janela temporal simples; epocas=1200; sem variaveis futuras
mlp_residuo_sobre_persistencia,residuo_sobre_persistencia,hidro_lag1_basico,teste_2023_2024,731,587.87,463.01,0.8799,-4.61,2.485808,MLP janela temporal simples; epocas=1200; sem variaveis futuras
ridge_absoluto,absoluto,hidro_lags_medias_30d,treino_2015_2022,2889,1384.52,1122.52,0.5381,-10.06,0.000000,regressao linear ridge sobre features normalizadas
ridge_absoluto,absoluto,hidro_lags_medias_30d,teste_2023_2024,731,1589.10,1288.05,0.1225,899.63,0.000000,regressao linear ridge sobre features normalizadas
rf_absoluto,absoluto,hidro_lags_medias_30d,treino_2015_2022,2889,732.98,572.59,0.8705,-2.56,0.170531,Random Forest implementada em Rust
rf_absoluto,absoluto,hidro_lags_medias_30d,teste_2023_2024,731,1335.07,1032.71,0.3807,670.03,0.170531,Random Forest implementada em Rust
mlp_absoluto,absoluto,hidro_lags_medias_30d,treino_2015_2022,2889,949.10,742.30,0.7829,-0.29,5.291350,MLP janela temporal simples; epocas=1200; sem variaveis futuras
mlp_absoluto,absoluto,hidro_lags_medias_30d,teste_2023_2024,731,1445.60,1133.72,0.2739,607.04,5.291350,MLP janela temporal simples; epocas=1200; sem variaveis futuras
ridge_anomalia_mensal,anomalia_mensal,hidro_lags_medias_30d,treino_2015_2022,2889,1367.28,1114.70,0.5495,-9.79,0.000000,regressao linear ridge sobre features normalizadas
ridge_anomalia_mensal,anomalia_mensal,hidro_lags_medias_30d,teste_2023_2024,731,1660.08,1350.62,0.0424,893.71,0.000000,regressao linear ridge sobre features normalizadas
rf_anomalia_mensal,anomalia_mensal,hidro_lags_medias_30d,treino_2015_2022,2889,756.37,596.83,0.8621,0.91,0.173819,Random Forest implementada em Rust
rf_anomalia_mensal,anomalia_mensal,hidro_lags_medias_30d,teste_2023_2024,731,1446.21,1134.72,0.2732,781.53,0.173819,Random Forest implementada em Rust
mlp_anomalia_mensal,anomalia_mensal,hidro_lags_medias_30d,treino_2015_2022,2889,947.46,736.94,0.7837,-0.36,5.462725,MLP janela temporal simples; epocas=1200; sem variaveis futuras
mlp_anomalia_mensal,anomalia_mensal,hidro_lags_medias_30d,teste_2023_2024,731,1445.93,1141.80,0.2735,629.66,5.462725,MLP janela temporal simples; epocas=1200; sem variaveis futuras
ridge_residuo_sobre_persistencia,residuo_sobre_persistencia,hidro_lags_medias_30d,treino_2015_2022,2889,665.62,504.94,0.8932,-0.06,0.000000,regressao linear ridge sobre features normalizadas
ridge_residuo_sobre_persistencia,residuo_sobre_persistencia,hidro_lags_medias_30d,teste_2023_2024,731,580.10,454.35,0.8831,-5.12,0.000000,regressao linear ridge sobre features normalizadas
rf_residuo_sobre_persistencia,residuo_sobre_persistencia,hidro_lags_medias_30d,treino_2015_2022,2889,581.01,440.34,0.9187,-5.13,0.179202,Random Forest implementada em Rust
rf_residuo_sobre_persistencia,residuo_sobre_persistencia,hidro_lags_medias_30d,teste_2023_2024,731,587.09,462.79,0.8802,4.48,0.179202,Random Forest implementada em Rust
mlp_residuo_sobre_persistencia,residuo_sobre_persistencia,hidro_lags_medias_30d,treino_2015_2022,2889,663.14,503.23,0.8940,-0.10,5.364577,MLP janela temporal simples; epocas=1200; sem variaveis futuras
mlp_residuo_sobre_persistencia,residuo_sobre_persistencia,hidro_lags_medias_30d,teste_2023_2024,731,578.77,452.66,0.8836,-6.94,5.364577,MLP janela temporal simples; epocas=1200; sem variaveis futuras
ridge_absoluto,absoluto,operacional_lags_com_geracao,treino_2015_2022,2889,590.94,453.31,0.9159,0.00,0.000000,regressao linear ridge sobre features normalizadas
ridge_absoluto,absoluto,operacional_lags_com_geracao,teste_2023_2024,731,516.10,399.43,0.9074,23.40,0.000000,regressao linear ridge sobre features normalizadas
rf_absoluto,absoluto,operacional_lags_com_geracao,treino_2015_2022,2889,486.15,376.56,0.9430,-3.18,0.169440,Random Forest implementada em Rust
rf_absoluto,absoluto,operacional_lags_com_geracao,teste_2023_2024,731,557.52,427.40,0.8920,100.03,0.169440,Random Forest implementada em Rust
mlp_absoluto,absoluto,operacional_lags_com_geracao,treino_2015_2022,2889,578.76,446.80,0.9193,-0.44,6.294692,MLP janela temporal simples; epocas=1200; sem variaveis futuras
mlp_absoluto,absoluto,operacional_lags_com_geracao,teste_2023_2024,731,509.06,395.61,0.9100,40.65,6.294692,MLP janela temporal simples; epocas=1200; sem variaveis futuras
ridge_anomalia_mensal,anomalia_mensal,operacional_lags_com_geracao,treino_2015_2022,2889,647.51,496.20,0.8990,-0.07,0.000000,regressao linear ridge sobre features normalizadas
ridge_anomalia_mensal,anomalia_mensal,operacional_lags_com_geracao,teste_2023_2024,731,606.54,465.21,0.8722,60.66,0.000000,regressao linear ridge sobre features normalizadas
rf_anomalia_mensal,anomalia_mensal,operacional_lags_com_geracao,treino_2015_2022,2889,541.93,421.36,0.9292,1.21,0.169203,Random Forest implementada em Rust
rf_anomalia_mensal,anomalia_mensal,operacional_lags_com_geracao,teste_2023_2024,731,731.39,572.91,0.8141,223.07,0.169203,Random Forest implementada em Rust
mlp_anomalia_mensal,anomalia_mensal,operacional_lags_com_geracao,treino_2015_2022,2889,601.42,464.94,0.9128,-0.04,6.159234,MLP janela temporal simples; epocas=1200; sem variaveis futuras
mlp_anomalia_mensal,anomalia_mensal,operacional_lags_com_geracao,teste_2023_2024,731,604.85,469.95,0.8729,73.64,6.159234,MLP janela temporal simples; epocas=1200; sem variaveis futuras
ridge_residuo_sobre_persistencia,residuo_sobre_persistencia,operacional_lags_com_geracao,treino_2015_2022,2889,590.94,453.29,0.9159,0.00,0.000000,regressao linear ridge sobre features normalizadas
ridge_residuo_sobre_persistencia,residuo_sobre_persistencia,operacional_lags_com_geracao,teste_2023_2024,731,516.08,399.39,0.9075,23.39,0.000000,regressao linear ridge sobre features normalizadas
rf_residuo_sobre_persistencia,residuo_sobre_persistencia,operacional_lags_com_geracao,treino_2015_2022,2889,485.98,372.14,0.9431,-1.14,0.176773,Random Forest implementada em Rust
rf_residuo_sobre_persistencia,residuo_sobre_persistencia,operacional_lags_com_geracao,teste_2023_2024,731,512.39,395.60,0.9088,39.86,0.176773,Random Forest implementada em Rust
mlp_residuo_sobre_persistencia,residuo_sobre_persistencia,operacional_lags_com_geracao,treino_2015_2022,2889,554.12,428.09,0.9260,-0.11,6.159136,MLP janela temporal simples; epocas=1200; sem variaveis futuras
mlp_residuo_sobre_persistencia,residuo_sobre_persistencia,operacional_lags_com_geracao,teste_2023_2024,731,507.55,390.86,0.9105,20.99,6.159136,MLP janela temporal simples; epocas=1200; sem variaveis futuras
fator_efetivo_q_lag1,fator_efetivo,q_lag1,treino_2015_2022,2889,1600.22,1307.20,0.3829,-18.07,0.000000,"P ~= a + k_efetivo Q, ajustado no treino com variavel defasada"
fator_efetivo_q_lag1,fator_efetivo,q_lag1,teste_2023_2024,731,1759.22,1447.07,-0.0754,982.23,0.000000,"P ~= a + k_efetivo Q, ajustado no treino com variavel defasada"
fator_efetivo_q_ma7,fator_efetivo,q_ma7,treino_2015_2022,2889,1519.03,1245.02,0.4440,-21.79,0.000000,"P ~= a + k_efetivo Q, ajustado no treino com variavel defasada"
fator_efetivo_q_ma7,fator_efetivo,q_ma7,teste_2023_2024,731,1703.78,1383.83,-0.0087,972.55,0.000000,"P ~= a + k_efetivo Q, ajustado no treino com variavel defasada"
fator_efetivo_q_ma30,fator_efetivo,q_ma30,treino_2015_2022,2889,1479.05,1203.87,0.4728,-8.91,0.000000,"P ~= a + k_efetivo Q, ajustado no treino com variavel defasada"
fator_efetivo_q_ma30,fator_efetivo,q_ma30,teste_2023_2024,731,1679.91,1404.41,0.0194,974.45,0.000000,"P ~= a + k_efetivo Q, ajustado no treino com variavel defasada"
