epoca,loss_total,loss_dados,loss_fisica,loss_contorno
0,0.9981250215084596,0.9981250215084596,0,0
1,0.606283723882622,0.606283723882622,0,0
2,0.33791956860736555,0.33791956860736555,0,0
3,0.16933495052091266,0.16933495052091266,0,0
4,0.08113447834667822,0.08113447834667822,0,0
5,0.052903812187053374,0.052903812187053374,0,0
6,0.06204347067503419,0.06204347067503419,0,0
7,0.08590211520609878,0.08590211520609878,0,0
8,0.10611892619189965,0.10611892619189965,0,0
9,0.11282616642920935,0.11282616642920935,0,0
10,0.1049618215878455,0.1049618215878455,0,0
11,0.08738215753397832,0.08738215753397832,0,0
12,0.06698053351337635,0.06698053351337635,0,0
13,0.0497859038187008,0.0497859038187008,0,0
14,0.039448158279359984,0.039448158279359984,0,0
15,0.03681997243387019,0.03681997243387019,0,0
16,0.040340399855731124,0.040340399855731124,0,0
17,0.04690615722251331,0.04690615722251331,0,0
18,0.053029017317977836,0.053029017317977836,0,0
19,0.05608972267089301,0.05608972267089301,0,0
20,0.05514601947221485,0.05514601947221485,0,0
21,0.050885440806366304,0.050885440806366304,0,0
22,0.04494772362310952,0.04494772362310952,0,0
23,0.03911811795329793,0.03911811795329793,0,0
24,0.03473242483606908,0.03473242483606908,0,0
25,0.03240207983759529,0.03240207983759529,0,0
26,0.03202587328576067,0.03202587328576067,0,0
27,0.03299759616402213,0.03299759616402213,0,0
28,0.03450293663018533,0.03450293663018533,0,0
29,0.03580070037426316,0.03580070037426316,0,0
30,0.03640800252346974,0.03640800252346974,0,0
31,0.036158480687702645,0.036158480687702645,0,0
32,0.03515545562876435,0.03515545562876435,0,0
33,0.03367144769683465,0.03367144769683465,0,0
34,0.032042591753979714,0.032042591753979714,0,0
35,0.03058386727799345,0.03058386727799345,0,0
36,0.029529695158718748,0.029529695158718748,0,0
37,0.0289967383613083,0.0289967383613083,0,0
38,0.028968804339249116,0.028968804339249116,0,0
39,0.029307837743237385,0.029307837743237385,0,0
40,0.029793713261850808,0.029793713261850808,0,0
41,0.030187798500753846,0.030187798500753846,0,0
42,0.03030411375975388,0.03030411375975388,0,0
43,0.030064251637094176,0.030064251637094176,0,0
44,0.029515198802914082,0.029515198802914082,0,0
45,0.02880349808549899,0.02880349808549899,0,0
46,0.02811708864690205,0.02811708864690205,0,0
47,0.027617982824730474,0.027617982824730474,0,0
48,0.02739019074812098,0.02739019074812098,0,0
49,0.02741956607613811,0.02741956607613811,0,0
50,0.027609727692819705,0.027609727692819705,0,0
51,0.027825245795131164,0.027825245795131164,0,0
52,0.027943991481587455,0.027943991481587455,0,0
53,0.02789842422651633,0.02789842422651633,0,0
54,0.027691652743904602,0.027691652743904602,0,0
55,0.027385477872239012,0.027385477872239012,0,0
56,0.02706883040228144,0.02706883040228144,0,0
57,0.02682126556542134,0.02682126556542134,0,0
58,0.026685761581892287,0.026685761581892287,0,0
59,0.02665935344342586,0.02665935344342586,0,0
60,0.026702140139304793,0.026702140139304793,0,0
61,0.026758227250694242,0.026758227250694242,0,0
62,0.026778722749816786,0.026778722749816786,0,0
63,0.02673788009267978,0.02673788009267978,0,0
64,0.02663778929399386,0.02663778929399386,0,0
65,0.02650223590013339,0.02650223590013339,0,0
66,0.026364140692482125,0.026364140692482125,0,0
67,0.026252246663801274,0.026252246663801274,0,0
68,0.026181706211962887,0.026181706211962887,0,0
69,0.0261509693885692,0.0261509693885692,0,0
70,0.02614493494407392,0.02614493494407392,0,0
71,0.02614239125959755,0.02614239125959755,0,0
72,0.026124677307838184,0.026124677307838184,0,0
73,0.026082375133429248,0.026082375133429248,0,0
74,0.026017730984206722,0.026017730984206722,0,0
75,0.02594220213657116,0.02594220213657116,0,0
76,0.025870499105867938,0.025870499105867938,0,0
77,0.025813923127168844,0.025813923127168844,0,0
78,0.025775973431622228,0.025775973431622228,0,0
79,0.02575196907166607,0.02575196907166607,0,0
80,0.025732400419476987,0.025732400419476987,0,0
81,0.02570796591555348,0.02570796591555348,0,0
82,0.025673674275318165,0.025673674275318165,0,0
83,0.025630213974748992,0.025630213974748992,0,0
84,0.02558242465722909,0.02558242465722909,0,0
85,0.025536170104813127,0.025536170104813127,0,0
86,0.02549545062398021,0.02549545062398021,0,0
87,0.02546107706670039,0.02546107706670039,0,0
88,0.02543114211453718,0.02543114211453718,0,0
89,0.0254025765993639,0.0254025765993639,0,0
90,0.02537274995823339,0.02537274995823339,0,0
91,0.025340379328668117,0.025340379328668117,0,0
92,0.02530559614932833,0.02530559614932833,0,0
93,0.02526946539940004,0.02526946539940004,0,0
94,0.025233360538076125,0.025233360538076125,0,0
95,0.025198449881708218,0.025198449881708218,0,0
96,0.02516536646544958,0.02516536646544958,0,0
97,0.02513406113799897,0.02513406113799897,0,0
98,0.025103859775270618,0.025103859775270618,0,0
99,0.02507374616884638,0.02507374616884638,0,0
100,0.025042804671835648,0.025042804671835648,0,0
101,0.025010634882444108,0.025010634882444108,0,0
102,0.0249775158893306,0.0249775158893306,0,0
103,0.024944215933786512,0.024944215933786512,0,0
104,0.024911552405440667,0.024911552405440667,0,0
105,0.024879960129867946,0.024879960129867946,0,0
106,0.024849311479983264,0.024849311479983264,0,0
107,0.024819062964094574,0.024819062964094574,0,0
108,0.02478860252083374,0.02478860252083374,0,0
109,0.02475757374176045,0.02475757374176045,0,0
110,0.024726005482418927,0.024726005482418927,0,0
111,0.02469421841568013,0.02469421841568013,0,0
112,0.024662607245950593,0.024662607245950593,0,0
113,0.02463143681546681,0.02463143681546681,0,0
114,0.024600744883851878,0.024600744883851878,0,0
115,0.024570367569311025,0.024570367569311025,0,0
116,0.02454004705175822,0.02454004705175822,0,0
117,0.02450956179056164,0.02450956179056164,0,0
118,0.024478825195066965,0.024478825195066965,0,0
119,0.024447915344534485,0.024447915344534485,0,0
120,0.0244170240631785,0.0244170240631785,0,0
121,0.02438634906365518,0.02438634906365518,0,0
122,0.024355985500979033,0.024355985500979033,0,0
123,0.024325879376793928,0.024325879376793928,0,0
124,0.024295871470192885,0.024295871470192885,0,0
125,0.024265803187701156,0.024265803187701156,0,0
126,0.024235614496051373,0.024235614496051373,0,0
127,0.024205370956913896,0.024205370956913896,0,0
128,0.02417520803834556,0.02417520803834556,0,0
129,0.02414523788180902,0.02414523788180902,0,0
130,0.024115484427609066,0.024115484427609066,0,0
131,0.0240858851885529,0.0240858851885529,0,0
132,0.024056347420723167,0.024056347420723167,0,0
133,0.02402681235007121,0.02402681235007121,0,0
134,0.023997284848709794,0.023997284848709794,0,0
135,0.02396781759369761,0.02396781759369761,0,0
136,0.023938470352053234,0.023938470352053234,0,0
137,0.023909275209328396,0.023909275209328396,0,0
138,0.023880226440102927,0.023880226440102927,0,0
139,0.023851293903130025,0.023851293903130025,0,0
140,0.023822446168624417,0.023822446168624417,0,0
141,0.02379366876809848,0.02379366876809848,0,0
142,0.023764969630318697,0.023764969630318697,0,0
143,0.023736371691736362,0.023736371691736362,0,0
144,0.02370789848097536,0.02370789848097536,0,0
145,0.023679561138516367,0.023679561138516367,0,0
146,0.023651354092670593,0.023651354092670593,0,0
147,0.02362326137720398,0.02362326137720398,0,0
148,0.023595268782760474,0.023595268782760474,0,0
149,0.02356737328322895,0.02356737328322895,0,0
150,0.023539583593799266,0.023539583593799266,0,0
151,0.023511912598135502,0.023511912598135502,0,0
152,0.02348436817720771,0.02348436817720771,0,0
153,0.02345694915376519,0.02345694915376519,0,0
154,0.023429648133711282,0.023429648133711282,0,0
155,0.023402457675790488,0.023402457675790488,0,0
156,0.023375374740143187,0.023375374740143187,0,0
157,0.023348400995311533,0.023348400995311533,0,0
158,0.023321540131754977,0.023321540131754977,0,0
159,0.023294794827014204,0.023294794827014204,0,0
160,0.023268165122391878,0.023268165122391878,0,0
161,0.023241648436262672,0.023241648436262672,0,0
162,0.023215240679100583,0.023215240679100583,0,0
163,0.023188937875036467,0.023188937875036467,0,0
164,0.023162737621056792,0.023162737621056792,0,0
165,0.02313663956982836,0.02313663956982836,0,0
166,0.023110644485227268,0.023110644485227268,0,0
167,0.023084752423881943,0.023084752423881943,0,0
168,0.023058961413884266,0.023058961413884266,0,0
169,0.023033267694303756,0.023033267694303756,0,0
170,0.023007667271806025,0.023007667271806025,0,0
171,0.022982157443388457,0.022982157443388457,0,0
172,0.022956737067145072,0.022956737067145072,0,0
173,0.02293140554154419,0.02293140554154419,0,0
174,0.022906161513170285,0.022906161513170285,0,0
175,0.02288100236591601,0.02288100236591601,0,0
176,0.02285592471643103,0.02285592471643103,0,0
177,0.022830925330856216,0.022830925330856216,0,0
178,0.02280600172600091,0.02280600172600091,0,0
179,0.02278115213763523,0.02278115213763523,0,0
180,0.02275637503403697,0.02275637503403697,0,0
181,0.022731668577565214,0.022731668577565214,0,0
182,0.022707030375751593,0.022707030375751593,0,0
183,0.02268245764604351,0.02268245764604351,0,0
184,0.02265794765657269,0.02265794765657269,0,0
185,0.0226334981182009,0.0226334981182009,0,0
186,0.02260910723278596,0.02260910723278596,0,0
187,0.022584773375263024,0.022584773375263024,0,0
188,0.022560494698140043,0.022560494698140043,0,0
189,0.022536269006656375,0.022536269006656375,0,0
190,0.022512093991523905,0.022512093991523905,0,0
191,0.022487967577070514,0.022487967577070514,0,0
192,0.022463888066283126,0.022463888066283126,0,0
193,0.022439853991714068,0.022439853991714068,0,0
194,0.022415863858331303,0.022415863858331303,0,0
195,0.02239191602244537,0.02239191602244537,0,0
196,0.02236800877799055,0.02236800877799055,0,0
197,0.022344140527572404,0.022344140527572404,0,0
198,0.022320309879669546,0.022320309879669546,0,0
199,0.02229651561995323,0.02229651561995323,0,0
200,0.02227275661684438,0.02227275661684438,0,0
201,0.02224903174765193,0.02224903174765193,0,0
202,0.02222533988850637,0.02222533988850637,0,0
203,0.022201679958711494,0.022201679958711494,0,0
204,0.022178050980422623,0.022178050980422623,0,0
205,0.02215445211065013,0.02215445211065013,0,0
206,0.02213088262366523,0.02213088262366523,0,0
207,0.022107341860239976,0.022107341860239976,0,0
208,0.022083829187783167,0.022083829187783167,0,0
209,0.022060344003829,0.022060344003829,0,0
210,0.02203688577282299,0.02203688577282299,0,0
211,0.02201345405616581,0.02201345405616581,0,0
212,0.02199004850825459,0.02199004850825459,0,0
213,0.02196666884882047,0.02196666884882047,0,0
214,0.021943314841798442,0.021943314841798442,0,0
215,0.021919986296761923,0.021919986296761923,0,0
216,0.021896683083435432,0.021896683083435432,0,0
217,0.021873405141284514,0.021873405141284514,0,0
218,0.021850152476623204,0.021850152476623204,0,0
219,0.0218269251515902,0.0218269251515902,0,0
220,0.0218037232721723,0.0218037232721723,0,0
221,0.0217805469803871,0.0217805469803871,0,0
222,0.021757396454016545,0.021757396454016545,0,0
223,0.021734271913923325,0.021734271913923325,0,0
224,0.021711173632767096,0.021711173632767096,0,0
225,0.021688101936199314,0.021688101936199314,0,0
226,0.021665057193967295,0.021665057193967295,0,0
227,0.021642039808284212,0.021642039808284212,0,0
228,0.02161905020888441,0.02161905020888441,0,0
229,0.02159608885595902,0.02159608885595902,0,0
230,0.021573156243682255,0.021573156243682255,0,0
231,0.021550252897895642,0.021550252897895642,0,0
232,0.02152737936933863,0.02152737936933863,0,0
233,0.021504536228714066,0.021504536228714066,0,0
234,0.021481724067109475,0.021481724067109475,0,0
235,0.021458943499414688,0.021458943499414688,0,0
236,0.02143619516596189,0.02143619516596189,0,0
237,0.02141347972996778,0.02141347972996778,0,0
238,0.021390797872111306,0.021390797872111306,0,0
239,0.021368150285507304,0.021368150285507304,0,0
240,0.021345537673568064,0.021345537673568064,0,0
241,0.02132296075073175,0.02132296075073175,0,0
242,0.021300420243697115,0.021300420243697115,0,0
243,0.0212779168906583,0.0212779168906583,0,0
244,0.021255451438343783,0.021255451438343783,0,0
245,0.021233024639023095,0.021233024639023095,0,0
246,0.021210637249430727,0.021210637249430727,0,0
247,0.021188290031135214,0.021188290031135214,0,0
248,0.021165983750287026,0.021165983750287026,0,0
249,0.02114371917572292,0.02114371917572292,0,0
250,0.021121497076510034,0.021121497076510034,0,0
251,0.021099318220507604,0.021099318220507604,0,0
252,0.021077183374115592,0.021077183374115592,0,0
253,0.02105509330205289,0.02105509330205289,0,0
254,0.02103304876623311,0.02103304876623311,0,0
255,0.021011050523948045,0.021011050523948045,0,0
256,0.02098909932619905,0.02098909932619905,0,0
257,0.020967195916727077,0.020967195916727077,0,0
258,0.020945341031654505,0.020945341031654505,0,0
259,0.020923535399264417,0.020923535399264417,0,0
260,0.02090177973944709,0.02090177973944709,0,0
261,0.020880074762650663,0.020880074762650663,0,0
262,0.02085842116856211,0.02085842116856211,0,0
263,0.020836819644904074,0.020836819644904074,0,0
264,0.020815270866509153,0.020815270866509153,0,0
265,0.020793775494533037,0.020793775494533037,0,0
266,0.02077233417565116,0.02077233417565116,0,0
267,0.020750947541312594,0.020750947541312594,0,0
268,0.02072961620719663,0.02072961620719663,0,0
269,0.020708340772809815,0.020708340772809815,0,0
270,0.02068712182096131,0.02068712182096131,0,0
271,0.02066595991693961,0.02066595991693961,0,0
272,0.020644855607476184,0.020644855607476184,0,0
273,0.02062380941973239,0.02062380941973239,0,0
274,0.02060282186049358,0.02060282186049358,0,0
275,0.020581893415610144,0.020581893415610144,0,0
276,0.020561024549596976,0.020561024549596976,0,0
277,0.02054021570523432,0.02054021570523432,0,0
278,0.02051946730304659,0.02051946730304659,0,0
279,0.02049877974064439,0.02049877974064439,0,0
280,0.0204781533920191,0.0204781533920191,0,0
281,0.020457588606873158,0.020457588606873158,0,0
282,0.020437085710007193,0.020437085710007193,0,0
283,0.020416645000766072,0.020416645000766072,0,0
284,0.020396266752572705,0.020396266752572705,0,0
285,0.020375951212563557,0.020375951212563557,0,0
286,0.02035569860126712,0.02035569860126712,0,0
287,0.020335509112225897,0.020335509112225897,0,0
288,0.020315382911521043,0.020315382911521043,0,0
289,0.020295320137256555,0.020295320137256555,0,0
290,0.020275320899102087,0.020275320899102087,0,0
291,0.020255385277953435,0.020255385277953435,0,0
292,0.020235513325699932,0.020235513325699932,0,0
293,0.02021570506504534,0.02021570506504534,0,0
294,0.02019596048932693,0.02019596048932693,0,0
295,0.020176279562313906,0.020176279562313906,0,0
296,0.020156662217994826,0.020156662217994826,0,0
297,0.02013710836038144,0.02013710836038144,0,0
298,0.02011761786335194,0.02011761786335194,0,0
299,0.020098190570556087,0.020098190570556087,0,0
300,0.020078826295400573,0.020078826295400573,0,0
301,0.02005952482111392,0.02005952482111392,0,0
302,0.020040285900853758,0.020040285900853758,0,0
303,0.020021109257814747,0.020021109257814747,0,0
304,0.020001994585326983,0.020001994585326983,0,0
305,0.019982941546969533,0.019982941546969533,0,0
306,0.01996394977674068,0.01996394977674068,0,0
307,0.0199450188793038,0.0199450188793038,0,0
308,0.019926148430309383,0.019926148430309383,0,0
309,0.019907337976774925,0.019907337976774925,0,0
310,0.019888587037502875,0.019888587037502875,0,0
311,0.01986989510352029,0.01986989510352029,0,0
312,0.01985126163853809,0.01985126163853809,0,0
313,0.01983268607944073,0.01983268607944073,0,0
314,0.019814167836823847,0.019814167836823847,0,0
315,0.019795706295596148,0.019795706295596148,0,0
316,0.019777300815647686,0.019777300815647686,0,0
317,0.01975895073257589,0.01975895073257589,0,0
318,0.019740655358448902,0.019740655358448902,0,0
319,0.019722413982595336,0.019722413982595336,0,0
320,0.019704225872415545,0.019704225872415545,0,0
321,0.019686090274228518,0.019686090274228518,0,0
322,0.019668006414165242,0.019668006414165242,0,0
323,0.019649973499115996,0.019649973499115996,0,0
324,0.01963199071772872,0.01963199071772872,0,0
325,0.019614057241447727,0.019614057241447727,0,0
326,0.019596172225582745,0.019596172225582745,0,0
327,0.019578334810401804,0.019578334810401804,0,0
328,0.019560544122248183,0.019560544122248183,0,0
329,0.019542799274686773,0.019542799274686773,0,0
330,0.019525099369685345,0.019525099369685345,0,0
331,0.01950744349883151,0.01950744349883151,0,0
332,0.01948983074458274,0.01948983074458274,0,0
333,0.01947226018153804,0.01947226018153804,0,0
334,0.019454730877727013,0.019454730877727013,0,0
335,0.019437241895909726,0.019437241895909726,0,0
336,0.01941979229489256,0.01941979229489256,0,0
337,0.019402381130863004,0.019402381130863004,0,0
338,0.01938500745874294,0.01938500745874294,0,0
339,0.019367670333558674,0.019367670333558674,0,0
340,0.01935036881181928,0.01935036881181928,0,0
341,0.019333101952897523,0.019333101952897523,0,0
342,0.019315868820409424,0.019315868820409424,0,0
343,0.019298668483591255,0.019298668483591255,0,0
344,0.019281500018676873,0.019281500018676873,0,0
345,0.01926436251027709,0.01926436251027709,0,0
346,0.01924725505275893,0.01924725505275893,0,0
347,0.019230176751620354,0.019230176751620354,0,0
348,0.019213126724853084,0.019213126724853084,0,0
349,0.019196104104288382,0.019196104104288382,0,0
350,0.019179108036923926,0.019179108036923926,0,0
351,0.019162137686232872,0.019162137686232872,0,0
352,0.01914519223345676,0.01914519223345676,0,0
353,0.01912827087888252,0.01912827087888252,0,0
354,0.019111372843100383,0.019111372843100383,0,0
355,0.019094497368238476,0.019094497368238476,0,0
356,0.01907764371916868,0.01907764371916868,0,0
357,0.019060811184680802,0.019060811184680802,0,0
358,0.019043999078625896,0.019043999078625896,0,0
359,0.01902720674102734,0.01902720674102734,0,0
360,0.01901043353916294,0.01901043353916294,0,0
361,0.018993678868614736,0.018993678868614736,0,0
362,0.018976942154287066,0.018976942154287066,0,0
363,0.01896022285138509,0.01896022285138509,0,0
364,0.01894352044635615,0.01894352044635615,0,0
365,0.018926834457790438,0.018926834457790438,0,0
366,0.018910164437282,0.018910164437282,0,0
367,0.018893509970251975,0.018893509970251975,0,0
368,0.018876870676732046,0.018876870676732046,0,0
369,0.018860246212107905,0.018860246212107905,0,0
370,0.018843636267820534,0.018843636267820534,0,0
371,0.018827040572023637,0.018827040572023637,0,0
372,0.0188104588901984,0.0188104588901984,0,0
373,0.01879389102572498,0.01879389102572498,0,0
374,0.018777336820412358,0.018777336820412358,0,0
375,0.018760796154987287,0.018760796154987287,0,0
376,0.01874426894953939,0.01874426894953939,0,0
377,0.018727755163924262,0.018727755163924262,0,0
378,0.018711254798121277,0.018711254798121277,0,0
379,0.018694767892547266,0.018694767892547266,0,0
380,0.01867829452832827,0.01867829452832827,0,0
381,0.01866183482752811,0.01866183482752811,0,0
382,0.01864538895333681,0.01864538895333681,0,0
383,0.01862895711021705,0.01862895711021705,0,0
384,0.018612539544007916,0.018612539544007916,0,0
385,0.018596136541986486,0.018596136541986486,0,0
386,0.01857974843288621,0.01857974843288621,0,0
387,0.01856337558687299,0.01856337558687299,0,0
388,0.018547018415481013,0.018547018415481013,0,0
389,0.018530677371507206,0.018530677371507206,0,0
390,0.018514352948865817,0.018514352948865817,0,0
391,0.01849804568240176,0.01849804568240176,0,0
392,0.018481756147662443,0.018481756147662443,0,0
393,0.018465484960628824,0.018465484960628824,0,0
394,0.01844923277740434,0.01844923277740434,0,0
395,0.018433000293863643,0.018433000293863643,0,0
396,0.018416788245261072,0.018416788245261072,0,0
397,0.018400597405797456,0.018400597405797456,0,0
398,0.018384428588146585,0.018384428588146585,0,0
399,0.018368282642940256,0.018368282642940256,0,0
400,0.01835216045821147,0.01835216045821147,0,0
401,0.01833606295879664,0.01833606295879664,0,0
402,0.01831999110569635,0.01831999110569635,0,0
403,0.018303945895394157,0.018303945895394157,0,0
404,0.018287928359134016,0.018287928359134016,0,0
405,0.018271939562154126,0.018271939562154126,0,0
406,0.01825598060287973,0.01825598060287973,0,0
407,0.01824005261207221,0.01824005261207221,0,0
408,0.01822415675193625,0.01822415675193625,0,0
409,0.018208294215184297,0.018208294215184297,0,0
410,0.018192466224058575,0.018192466224058575,0,0
411,0.018176674029310082,0.018176674029310082,0,0
412,0.018160918909133742,0.018160918909133742,0,0
413,0.018145202168061515,0.018145202168061515,0,0
414,0.018129525135810773,0.018129525135810773,0,0
415,0.01811388916609212,0.01811388916609212,0,0
416,0.018098295635373508,0.018098295635373508,0,0
417,0.018082745941603293,0.018082745941603293,0,0
418,0.018067241502890963,0.018067241502890963,0,0
419,0.01805178375614683,0.01805178375614683,0,0
420,0.018036374155679862,0.018036374155679862,0,0
421,0.018021014171756358,0.018021014171756358,0,0
422,0.01800570528911855,0.01800570528911855,0,0
423,0.01799044900546555,0.01799044900546555,0,0
424,0.01797524682989613,0.01797524682989613,0,0
425,0.017960100281316768,0.017960100281316768,0,0
426,0.017945010886813006,0.017945010886813006,0,0
427,0.01792998017998767,0.01792998017998767,0,0
428,0.017915009699266893,0.017915009699266893,0,0
429,0.017900100986175758,0.017900100986175758,0,0
430,0.01788525558358495,0.01788525558358495,0,0
431,0.017870475033930838,0.017870475033930838,0,0
432,0.017855760877411194,0.017855760877411194,0,0
433,0.017841114650157634,0.017841114650157634,0,0
434,0.01782653788238867,0.01782653788238867,0,0
435,0.017812032096544493,0.017812032096544493,0,0
436,0.017797598805407166,0.017797598805407166,0,0
437,0.01778323951020793,0.01778323951020793,0,0
438,0.01776895569872626,0.01776895569872626,0,0
439,0.01775474884338114,0.01775474884338114,0,0
440,0.01774062039932036,0.01774062039932036,0,0
441,0.017726571802509198,0.017726571802509198,0,0
442,0.017712604467822936,0.017712604467822936,0,0
443,0.017698719787146246,0.017698719787146246,0,0
444,0.017684919127483316,0.017684919127483316,0,0
445,0.017671203829082147,0.017671203829082147,0,0
446,0.017657575203576917,0.017657575203576917,0,0
447,0.01764403453215201,0.01764403453215201,0,0
448,0.017630583063732223,0.017630583063732223,0,0
449,0.017617222013202642,0.017617222013202642,0,0
450,0.017603952559662222,0.017603952559662222,0,0
451,0.017590775844715054,0.017590775844715054,0,0
452,0.017577692970804033,0.017577692970804033,0,0
453,0.017564704999589224,0.017564704999589224,0,0
454,0.01755181295037721,0.01755181295037721,0,0
455,0.017539017798602893,0.017539017798602893,0,0
456,0.01752632047437048,0.01752632047437048,0,0
457,0.01751372186105455,0.01751372186105455,0,0
458,0.017501222793967652,0.017501222793967652,0,0
459,0.01748882405909535,0.01748882405909535,0,0
460,0.01747652639190521,0.01747652639190521,0,0
461,0.017464330476229983,0.017464330476229983,0,0
462,0.01745223694323117,0.01745223694323117,0,0
463,0.017440246370443405,0.017440246370443405,0,0
464,0.017428359280904922,0.017428359280904922,0,0
465,0.017416576142374473,0.017416576142374473,0,0
466,0.017404897366639176,0.017404897366639176,0,0
467,0.01739332330891406,0.01739332330891406,0,0
468,0.01738185426733572,0.01738185426733572,0,0
469,0.017370490482552233,0.017370490482552233,0,0
470,0.01735923213741031,0.01735923213741031,0,0
471,0.017348079356740598,0.017348079356740598,0,0
472,0.017337032207242892,0.017337032207242892,0,0
473,0.017326090697470726,0.017326090697470726,0,0
474,0.017315254777916747,0.017315254777916747,0,0
475,0.017304524341198144,0.017304524341198144,0,0
476,0.01729389922234148,0.01729389922234148,0,0
477,0.017283379199167406,0.017283379199167406,0,0
478,0.0172729639927735,0.0172729639927735,0,0
479,0.01726265326811364,0.01726265326811364,0,0
480,0.017252446634673638,0.017252446634673638,0,0
481,0.017242343647240095,0.017242343647240095,0,0
482,0.017232343806760406,0.017232343806760406,0,0
483,0.017222446561292196,0.017222446561292196,0,0
484,0.01721265130703895,0.01721265130703895,0,0
485,0.017202957389468924,0.017202957389468924,0,0
486,0.017193364104513935,0.017193364104513935,0,0
487,0.01718387069984489,0.01718387069984489,0,0
488,0.017174476376219987,0.017174476376219987,0,0
489,0.017165180288902213,0.017165180288902213,0,0
490,0.01715598154914109,0.01715598154914109,0,0
491,0.0171468792257155,0.0171468792257155,0,0
492,0.017137872346531684,0.017137872346531684,0,0
493,0.017128959900273594,0.017128959900273594,0,0
494,0.01712014083809942,0.01712014083809942,0,0
495,0.017111414075379656,0.017111414075379656,0,0
496,0.01710277849347291,0.01710277849347291,0,0
497,0.017094232941532662,0.017094232941532662,0,0
498,0.01708577623834171,0.01708577623834171,0,0
499,0.017077407174167798,0.017077407174167798,0,0
500,0.0170691245126368,0.0170691245126368,0,0
501,0.017060926992616736,0.017060926992616736,0,0
502,0.01705281333010935,0.01705281333010935,0,0
503,0.017044782220142933,0.017044782220142933,0,0
504,0.01703683233866266,0.01703683233866266,0,0
505,0.017028962344412597,0.017028962344412597,0,0
506,0.01702117088080543,0.01702117088080543,0,0
507,0.017013456577775792,0.017013456577775792,0,0
508,0.017005818053611295,0.017005818053611295,0,0
509,0.016998253916758892,0.016998253916758892,0,0
510,0.016990762767601048,0.016990762767601048,0,0
511,0.016983343200199293,0.016983343200199293,0,0
512,0.01697599380400006,0.01697599380400006,0,0
513,0.01696871316550032,0.01696871316550032,0,0
514,0.016961499869869636,0.016961499869869636,0,0
515,0.016954352502525957,0.016954352502525957,0,0
516,0.01694726965066136,0.01694726965066136,0,0
517,0.01694024990471625,0.01694024990471625,0,0
518,0.016933291859800248,0.016933291859800248,0,0
519,0.01692639411705585,0.01692639411705585,0,0
520,0.01691955528496479,0.01691955528496479,0,0
521,0.016912773980595718,0.016912773980595718,0,0
522,0.01690604883078996,0.01690604883078996,0,0
523,0.016899378473287093,0.016899378473287093,0,0
524,0.016892761557787656,0.016892761557787656,0,0
525,0.016886196746952464,0.016886196746952464,0,0
526,0.016879682717340222,0.016879682717340222,0,0
527,0.016873218160280243,0.016873218160280243,0,0
528,0.01686680178268381,0.01686680178268381,0,0
529,0.01686043230779145,0.01686043230779145,0,0
530,0.016854108475859126,0.016854108475859126,0,0
531,0.016847829044782412,0.016847829044782412,0,0
532,0.016841592790660758,0.016841592790660758,0,0
533,0.016835398508302075,0.016835398508302075,0,0
534,0.016829245011669165,0.016829245011669165,0,0
535,0.01682313113427,0.01682313113427,0,0
536,0.016817055729492394,0.016817055729492394,0,0
537,0.016811017670885154,0.016811017670885154,0,0
538,0.016805015852387653,0.016805015852387653,0,0
539,0.016799049188509916,0.016799049188509916,0,0
540,0.016793116614463602,0.016793116614463602,0,0
541,0.01678721708624819,0.01678721708624819,0,0
542,0.016781349580692852,0.016781349580692852,0,0
543,0.016775513095456503,0.016775513095456503,0,0
544,0.0167697066489882,0.0167697066489882,0,0
545,0.01676392928045011,0.01676392928045011,0,0
546,0.01675818004960544,0.01675818004960544,0,0
547,0.016752458036673176,0.016752458036673176,0,0
548,0.016746762342151483,0.016746762342151483,0,0
549,0.01674109208661383,0.01674109208661383,0,0
550,0.016735446410476577,0.016735446410476577,0,0
551,0.016729824473743823,0.016729824473743823,0,0
552,0.016724225455729422,0.016724225455729422,0,0
553,0.016718648554758245,0.016718648554758245,0,0
554,0.01671309298785031,0.01671309298785031,0,0
555,0.016707557990387433,0.016707557990387433,0,0
556,0.01670204281576645,0.01670204281576645,0,0
557,0.016696546735039345,0.016696546735039345,0,0
558,0.01669106903654268,0.01669106903654268,0,0
559,0.0166856090255182,0.0166856090255182,0,0
560,0.016680166023725636,0.016680166023725636,0,0
561,0.01667473936904994,0.01667473936904994,0,0
562,0.016669328415103633,0.016669328415103633,0,0
563,0.016663932530826743,0.016663932530826743,0,0
564,0.016658551100084403,0.016658551100084403,0,0
565,0.01665318352126433,0.01665318352126433,0,0
566,0.01664782920687543,0.01664782920687543,0,0
567,0.016642487583147174,0.016642487583147174,0,0
568,0.016637158089632773,0.016637158089632773,0,0
569,0.01663184017881551,0.01663184017881551,0,0
570,0.016626533315720463,0.016626533315720463,0,0
571,0.016621236977530332,0.016621236977530332,0,0
572,0.0166159506532092,0.0166159506532092,0,0
573,0.016610673843131484,0.016610673843131484,0,0
574,0.01660540605871946,0.01660540605871946,0,0
575,0.016600146822087908,0.016600146822087908,0,0
576,0.01659489566569779,0.01659489566569779,0,0
577,0.01658965213201852,0.01658965213201852,0,0
578,0.016584415773199048,0.016584415773199048,0,0
579,0.016579186150749308,0.016579186150749308,0,0
580,0.016573962835230133,0.016573962835230133,0,0
581,0.016568745405954412,0.016568745405954412,0,0
582,0.016563533450696916,0.016563533450696916,0,0
583,0.01655832656541563,0.01655832656541563,0,0
584,0.016553124353982294,0.016553124353982294,0,0
585,0.016547926427923767,0.016547926427923767,0,0
586,0.01654273240617305,0.01654273240617305,0,0
587,0.016537541914831567,0.016537541914831567,0,0
588,0.016532354586940017,0.016532354586940017,0,0
589,0.016527170062260767,0.016527170062260767,0,0
590,0.0165219879870691,0.0165219879870691,0,0
591,0.016516808013954706,0.016516808013954706,0,0
592,0.016511629801632493,0.016511629801632493,0,0
593,0.016506453014762577,0.016506453014762577,0,0
594,0.016501277323780296,0.016501277323780296,0,0
595,0.016496102404734057,0.016496102404734057,0,0
596,0.016490927939132413,0.016490927939132413,0,0
597,0.016485753613799434,0.016485753613799434,0,0
598,0.016480579120738227,0.016480579120738227,0,0
599,0.016475404157002802,0.016475404157002802,0,0
600,0.01647022842457642,0.01647022842457642,0,0
601,0.01646505163025866,0.01646505163025866,0,0
602,0.01645987348555807,0.01645987348555807,0,0
603,0.01645469370659272,0.01645469370659272,0,0
604,0.01644951201399661,0.01644951201399661,0,0
605,0.016444328132832052,0.016444328132832052,0,0
606,0.016439141792508036,0.016439141792508036,0,0
607,0.016433952726704285,0.016433952726704285,0,0
608,0.01642876067330012,0.01642876067330012,0,0
609,0.016423565374308138,0.016423565374308138,0,0
610,0.01641836657581291,0.01641836657581291,0,0
611,0.01641316402791365,0.01641316402791365,0,0
612,0.016407957484670395,0.016407957484670395,0,0
613,0.0164027467040545,0.0164027467040545,0,0
614,0.016397531447902278,0.016397531447902278,0,0
615,0.016392311481871213,0.016392311481871213,0,0
616,0.016387086575399373,0.016387086575399373,0,0
617,0.016381856501667118,0.016381856501667118,0,0
618,0.016376621037560563,0.016376621037560563,0,0
619,0.016371379963637654,0.016371379963637654,0,0
620,0.016366133064094728,0.016366133064094728,0,0
621,0.01636088012673529,0.01636088012673529,0,0
622,0.01635562094293905,0.01635562094293905,0,0
623,0.01635035530763184,0.01635035530763184,0,0
624,0.016345083019256048,0.016345083019256048,0,0
625,0.016339803879740697,0.016339803879740697,0,0
626,0.016334517694471987,0.016334517694471987,0,0
627,0.01632922427226265,0.01632922427226265,0,0
628,0.01632392342532084,0.01632392342532084,0,0
629,0.01631861496921827,0.01631861496921827,0,0
630,0.016313298722856247,0.016313298722856247,0,0
631,0.01630797450843105,0.01630797450843105,0,0
632,0.016302642151396582,0.016302642151396582,0,0
633,0.01629730148042554,0.01629730148042554,0,0
634,0.01629195232736747,0.01629195232736747,0,0
635,0.016286594527204882,0.016286594527204882,0,0
636,0.016281227918005972,0.016281227918005972,0,0
637,0.016275852340873944,0.016275852340873944,0,0
638,0.016270467639893278,0.016270467639893278,0,0
639,0.016265073662071906,0.016265073662071906,0,0
640,0.016259670257279736,0.016259670257279736,0,0
641,0.016254257278182513,0.016254257278182513,0,0
642,0.016248834580171494,0.016248834580171494,0,0
643,0.016243402021288076,0.016243402021288076,0,0
644,0.016237959462143885,0.016237959462143885,0,0
645,0.01623250676583518,0.01623250676583518,0,0
646,0.016227043797851826,0.016227043797851826,0,0
647,0.01622157042598127,0.01622157042598127,0,0
648,0.016216086520205605,0.016216086520205605,0,0
649,0.016210591952593282,0.016210591952593282,0,0
650,0.016205086597184396,0.016205086597184396,0,0
651,0.016199570329869132,0.016199570329869132,0,0
652,0.01619404302825973,0.01619404302825973,0,0
653,0.01618850457155588,0.01618850457155588,0,0
654,0.016182954840402813,0.016182954840402813,0,0
655,0.016177393716741928,0.016177393716741928,0,0
656,0.016171821083654697,0.016171821083654697,0,0
657,0.016166236825198504,0.016166236825198504,0,0
658,0.016160640826235376,0.016160640826235376,0,0
659,0.01615503297225269,0.01615503297225269,0,0
660,0.0161494131491761,0.0161494131491761,0,0
661,0.01614378124317449,0.01614378124317449,0,0
662,0.0161381371404571,0.0161381371404571,0,0
663,0.016132480727062404,0.016132480727062404,0,0
664,0.01612681188863902,0.01612681188863902,0,0
665,0.016121130510218035,0.016121130510218035,0,0
666,0.016115436475977445,0.016115436475977445,0,0
667,0.016109729668998665,0.016109729668998665,0,0
668,0.016104009971013966,0.016104009971013966,0,0
669,0.016098277262146254,0.016098277262146254,0,0
670,0.01609253142064041,0.01609253142064041,0,0
671,0.016086772322586845,0.016086772322586845,0,0
672,0.01608099984163614,0.01608099984163614,0,0
673,0.01607521384870649,0.01607521384870649,0,0
674,0.01606941421168254,0.01606941421168254,0,0
675,0.01606360079510677,0.01606360079510677,0,0
676,0.016057773459863034,0.016057773459863034,0,0
677,0.016051932062852655,0.016051932062852655,0,0
678,0.016046076456662707,0.016046076456662707,0,0
679,0.016040206489227868,0.016040206489227868,0,0
680,0.01603432200348493,0.01603432200348493,0,0
681,0.016028422837020453,0.016028422837020453,0,0
682,0.016022508821712834,0.016022508821712834,0,0
683,0.016016579783367905,0.016016579783367905,0,0
684,0.01601063554134884,0.01601063554134884,0,0
685,0.01600467590820185,0.01600467590820185,0,0
686,0.015998700689276245,0.015998700689276245,0,0
687,0.015992709682341368,0.015992709682341368,0,0
688,0.015986702677199847,0.015986702677199847,0,0
689,0.015980679455298675,0.015980679455298675,0,0
690,0.015974639789337566,0.015974639789337566,0,0
691,0.01596858344287808,0.01596858344287808,0,0
692,0.015962510169951205,0.015962510169951205,0,0
693,0.015956419714667623,0.015956419714667623,0,0
694,0.015950311810829763,0.015950311810829763,0,0
695,0.01594418618154791,0.01594418618154791,0,0
696,0.015938042538862243,0.015938042538862243,0,0
697,0.015931880583371413,0.015931880583371413,0,0
698,0.015925700003870183,0.015925700003870183,0,0
699,0.015919500476998787,0.015919500476998787,0,0
700,0.015913281666904082,0.015913281666904082,0,0
701,0.015907043224917896,0.015907043224917896,0,0
702,0.0159007847892521,0.0159007847892521,0,0
703,0.01589450598471586,0.01589450598471586,0,0
704,0.01588820642245581,0.01588820642245581,0,0
705,0.015881885699724478,0.015881885699724478,0,0
706,0.015875543399678744,0.015875543399678744,0,0
707,0.01586917909121312,0.01586917909121312,0,0
708,0.015862792328831542,0.015862792328831542,0,0
709,0.01585638265256146,0.01585638265256146,0,0
710,0.015849949587915604,0.015849949587915604,0,0
711,0.015843492645904574,0.015843492645904574,0,0
712,0.015837011323106782,0.015837011323106782,0,0
713,0.015830505101799758,0.015830505101799758,0,0
714,0.015823973450157323,0.015823973450157323,0,0
715,0.015817415822520314,0.015817415822520314,0,0
716,0.015810831659742786,0.015810831659742786,0,0
717,0.015804220389622748,0.015804220389622748,0,0
718,0.015797581427419286,0.015797581427419286,0,0
719,0.015790914176464093,0.015790914176464093,0,0
720,0.015784218028870808,0.015784218028870808,0,0
721,0.01577749236634771,0.01577749236634771,0,0
722,0.015770736561117927,0.015770736561117927,0,0
723,0.015763949976951252,0.015763949976951252,0,0
724,0.015757131970310943,0.015757131970310943,0,0
725,0.015750281891618423,0.015750281891618423,0,0
726,0.01574339908663724,0.01574339908663724,0,0
727,0.015736482897977893,0.015736482897977893,0,0
728,0.015729532666723094,0.015729532666723094,0,0
729,0.01572254773417159,0.01572254773417159,0,0
730,0.01571552744369866,0.01571552744369866,0,0
731,0.015708471142728015,0.015708471142728015,0,0
732,0.01570137818480991,0.01570137818480991,0,0
733,0.015694247931797106,0.015694247931797106,0,0
734,0.015687079756109588,0.015687079756109588,0,0
735,0.015679873043076165,0.015679873043076165,0,0
736,0.015672627193339186,0.015672627193339186,0,0
737,0.0156653416253074,0.0156653416253074,0,0
738,0.01565801577763841,0.01565801577763841,0,0
739,0.015650649111732116,0.015650649111732116,0,0
740,0.015643241114212635,0.015643241114212635,0,0
741,0.0156357912993762,0.0156357912993762,0,0
742,0.015628299211579755,0.015628299211579755,0,0
743,0.015620764427544434,0.015620764427544434,0,0
744,0.015613186558546845,0.015613186558546845,0,0
745,0.015605565252469927,0.015605565252469927,0,0
746,0.015597900195685454,0.015597900195685454,0,0
747,0.01559019111474129,0.01559019111474129,0,0
748,0.01558243777782386,0.01558243777782386,0,0
749,0.015574639995972299,0.015574639995972299,0,0
750,0.015566797624017773,0.015566797624017773,0,0
751,0.015558910561225839,0.015558910561225839,0,0
752,0.015550978751623298,0.015550978751623298,0,0
753,0.015543002183990988,0.015543002183990988,0,0
754,0.015534980891510373,0.015534980891510373,0,0
755,0.01552691495105429,0.01552691495105429,0,0
756,0.015518804482116991,0.015518804482116991,0,0
757,0.015510649645382029,0.015510649645382029,0,0
758,0.015502450640933174,0.015502450640933174,0,0
759,0.015494207706115308,0.015494207706115308,0,0
760,0.015485921113060325,0.015485921113060325,0,0
761,0.015477591165893758,0.015477591165893758,0,0
762,0.015469218197646312,0.015469218197646312,0,0
763,0.015460802566893661,0.015460802566893661,0,0
764,0.015452344654157029,0.015452344654157029,0,0
765,0.01544384485809404,0.01544384485809404,0,0
766,0.015435303591518358,0.015435303591518358,0,0
767,0.015426721277282458,0.015426721277282458,0,0
768,0.015418098344065573,0.015418098344065573,0,0
769,0.015409435222103552,0.015409435222103552,0,0
770,0.015400732338904547,0.015400732338904547,0,0
771,0.01539199011498743,0.01539199011498743,0,0
772,0.015383208959685202,0.015383208959685202,0,0
773,0.015374389267050795,0.015374389267050795,0,0
774,0.015365531411902401,0.015365531411902401,0,0
775,0.015356635746044157,0.015356635746044157,0,0
776,0.015347702594694708,0.015347702594694708,0,0
777,0.015338732253154592,0.015338732253154592,0,0
778,0.015329724983740673,0.015329724983740673,0,0
779,0.015320681013012228,0.015320681013012228,0,0
780,0.015311600529311742,0.015311600529311742,0,0
781,0.01530248368064014,0.01530248368064014,0,0
782,0.015293330572881658,0.015293330572881658,0,0
783,0.015284141268394015,0.015284141268394015,0,0
784,0.015274915784973085,0.015274915784973085,0,0
785,0.015265654095201793,0.015265654095201793,0,0
786,0.015256356126187939,0.015256356126187939,0,0
787,0.015247021759694562,0.015247021759694562,0,0
788,0.01523765083266468,0.01523765083266468,0,0
789,0.015228243138139112,0.015228243138139112,0,0
790,0.015218798426564336,0.015218798426564336,0,0
791,0.015209316407487275,0.015209316407487275,0,0
792,0.015199796751630312,0.015199796751630312,0,0
793,0.015190239093339889,0.015190239093339889,0,0
794,0.015180643033400946,0.015180643033400946,0,0
795,0.015171008142206871,0.015171008142206871,0,0
796,0.01516133396327591,0.01516133396327591,0,0
797,0.015151620017101068,0.015151620017101068,0,0
798,0.015141865805322719,0.015141865805322719,0,0
799,0.015132070815208782,0.015132070815208782,0,0
800,0.015122234524428716,0.015122234524428716,0,0
801,0.015112356406103755,0.015112356406103755,0,0
802,0.015102435934117163,0.015102435934117163,0,0
803,0.015092472588663303,0.015092472588663303,0,0
804,0.015082465862015275,0.015082465862015275,0,0
805,0.015072415264486829,0.015072415264486829,0,0
806,0.015062320330563705,0.015062320330563705,0,0
807,0.015052180625175177,0.015052180625175177,0,0
808,0.015041995750076993,0.015041995750076993,0,0
809,0.015031765350311758,0.015031765350311758,0,0
810,0.015021489120712599,0.015021489120712599,0,0
811,0.015011166812412324,0.015011166812412324,0,0
812,0.015000798239319326,0.015000798239319326,0,0
813,0.014990383284518589,0.014990383284518589,0,0
814,0.014979921906555841,0.014979921906555841,0,0
815,0.01496941414556115,0.01496941414556115,0,0
816,0.014958860129167473,0.014958860129167473,0,0
817,0.014948260078179792,0.014948260078179792,0,0
818,0.014937614311951517,0.014937614311951517,0,0
819,0.014926923253424306,0.014926923253424306,0,0
820,0.014916187433790735,0.014916187433790735,0,0
821,0.014905407496740795,0.014905407496740795,0,0
822,0.014894584202255347,0.014894584202255347,0,0
823,0.014883718429914867,0.014883718429914867,0,0
824,0.01487281118169457,0.01487281118169457,0,0
825,0.014861863584222233,0.014861863584222233,0,0
826,0.014850876890479097,0.014850876890479097,0,0
827,0.014839852480932265,0.014839852480932265,0,0
828,0.014828791864089402,0.014828791864089402,0,0
829,0.014817696676475096,0.014817696676475096,0,0
830,0.01480656868203291,0.01480656868203291,0,0
831,0.014795409770963556,0.014795409770963556,0,0
832,0.014784221958015657,0.014784221958015657,0,0
833,0.014773007380249262,0.014773007380249262,0,0
834,0.014761768294300004,0.014761768294300004,0,0
835,0.014750507073172886,0.014750507073172886,0,0
836,0.014739226202600788,0.014739226202600788,0,0
837,0.014727928277003543,0.014727928277003543,0,0
838,0.014716615995087046,0.014716615995087046,0,0
839,0.014705292155120115,0.014705292155120115,0,0
840,0.014693959649929901,0.014693959649929901,0,0
841,0.01468262146165267,0.01468262146165267,0,0
842,0.014671280656275812,0.014671280656275812,0,0
843,0.01465994037800457,0.01465994037800457,0,0
844,0.014648603843482199,0.014648603843482199,0,0
845,0.014637274335888064,0.014637274335888064,0,0
846,0.01462595519893528,0.01462595519893528,0,0
847,0.014614649830781527,0.014614649830781527,0,0
848,0.014603361677864697,0.014603361677864697,0,0
849,0.014592094228668777,0.014592094228668777,0,0
850,0.014580851007420747,0.014580851007420747,0,0
851,0.01456963556771789,0.01456963556771789,0,0
852,0.014558451486079121,0.014558451486079121,0,0
853,0.014547302355414477,0.014547302355414477,0,0
854,0.014536191778405113,0.014536191778405113,0,0
855,0.014525123360787122,0.014525123360787122,0,0
856,0.014514100704532512,0.014514100704532512,0,0
857,0.014503127400926196,0.014503127400926196,0,0
858,0.014492207023537982,0.014492207023537982,0,0
859,0.014481343121095279,0.014481343121095279,0,0
860,0.014470539210266543,0.014470539210266543,0,0
861,0.014459798768370658,0.014459798768370658,0,0
862,0.014449125226032925,0.014449125226032925,0,0
863,0.014438521959813376,0.014438521959813376,0,0
864,0.01442799228483952,0.01442799228483952,0,0
865,0.014417539447477696,0.014417539447477696,0,0
866,0.014407166618082041,0.014407166618082041,0,0
867,0.014396876883863052,0.014396876883863052,0,0
868,0.014386673241916913,0.014386673241916913,0,0
869,0.01437655859246051,0.01437655859246051,0,0
870,0.014366535732311624,0.014366535732311624,0,0
871,0.014356607348657478,0.014356607348657478,0,0
872,0.014346776013146698,0.014346776013146698,0,0
873,0.01433704417633938,0.01433704417633938,0,0
874,0.014327414162546789,0.014327414162546789,0,0
875,0.014317888165083217,0.014317888165083217,0,0
876,0.014308468241954189,0.014308468241954189,0,0
877,0.01429915631199614,0.01429915631199614,0,0
878,0.014289954151479886,0.014289954151479886,0,0
879,0.014280863391188035,0.014280863391188035,0,0
880,0.014271885513969936,0.014271885513969936,0,0
881,0.014263021852778689,0.014263021852778689,0,0
882,0.014254273589187905,0.014254273589187905,0,0
883,0.014245641752389102,0.014245641752389102,0,0
884,0.014237127218663612,0.014237127218663612,0,0
885,0.014228730711326548,0.014228730711326548,0,0
886,0.014220452801134986,0.014220452801134986,0,0
887,0.0142122939071546,0.0142122939071546,0,0
888,0.014204254298075324,0.014204254298075324,0,0
889,0.014196334093966985,0.014196334093966985,0,0
890,0.014188533268463406,0.014188533268463406,0,0
891,0.014180851651362014,0.014180851651362014,0,0
892,0.014173288931623713,0.014173288931623713,0,0
893,0.014165844660756181,0.014165844660756181,0,0
894,0.014158518256562088,0.014158518256562088,0,0
895,0.014151309007229372,0.014151309007229372,0,0
896,0.014144216075741655,0.014144216075741655,0,0
897,0.014137238504583104,0.014137238504583104,0,0
898,0.014130375220710254,0.014130375220710254,0,0
899,0.014123625040763522,0.014123625040763522,0,0
900,0.014116986676489559,0.014116986676489559,0,0
901,0.014110458740342809,0.014110458740342809,0,0
902,0.014104039751239762,0.014104039751239762,0,0
903,0.014097728140433256,0.014097728140433256,0,0
904,0.01409152225747979,0.01409152225747979,0,0
905,0.01408542037627035,0.01408542037627035,0,0
906,0.014079420701098262,0.014079420701098262,0,0
907,0.014073521372737,0.014073521372737,0,0
908,0.01406772047450395,0.01406772047450395,0,0
909,0.014062016038284964,0.014062016038284964,0,0
910,0.014056406050498503,0.014056406050498503,0,0
911,0.014050888457977079,0.014050888457977079,0,0
912,0.014045461173747446,0.014045461173747446,0,0
913,0.014040122082688414,0.014040122082688414,0,0
914,0.014034869047051214,0.014034869047051214,0,0
915,0.014029699911825063,0.014029699911825063,0,0
916,0.014024612509932612,0.014024612509932612,0,0
917,0.014019604667242818,0.014019604667242818,0,0
918,0.014014674207387796,0.014014674207387796,0,0
919,0.014009818956374188,0.014009818956374188,0,0
920,0.014005036746978276,0.014005036746978276,0,0
921,0.014000325422918413,0.014000325422918413,0,0
922,0.013995682842797326,0.013995682842797326,0,0
923,0.013991106883810377,0.013991106883810377,0,0
924,0.013986595445215882,0.013986595445215882,0,0
925,0.013982146451565673,0.013982146451565673,0,0
926,0.013977757855695607,0.013977757855695607,0,0
927,0.013973427641476424,0.013973427641476424,0,0
928,0.01396915382632683,0.01396915382632683,0,0
929,0.013964934463492293,0.013964934463492293,0,0
930,0.013960767644092651,0.013960767644092651,0,0
931,0.013956651498944418,0.013956651498944418,0,0
932,0.013952584200162406,0.013952584200162406,0,0
933,0.013948563962547846,0.013948563962547846,0,0
934,0.013944589044769383,0.013944589044769383,0,0
935,0.013940657750345028,0.013940657750345028,0,0
936,0.013936768428433237,0.013936768428433237,0,0
937,0.013932919474440185,0.013932919474440185,0,0
938,0.01392910933045454,0.01392910933045454,0,0
939,0.013925336485516554,0.013925336485516554,0,0
940,0.013921599475732176,0.013921599475732176,0,0
941,0.013917896884241812,0.013917896884241812,0,0
942,0.01391422734105232,0.01391422734105232,0,0
943,0.013910589522743752,0.013910589522743752,0,0
944,0.013906982152058767,0.013906982152058767,0,0
945,0.01390340399738565,0.01390340399738565,0,0
946,0.01389985387214397,0.01389985387214397,0,0
947,0.013896330634082531,0.013896330634082531,0,0
948,0.013892833184498082,0.013892833184498082,0,0
949,0.013889360467384525,0.013889360467384525,0,0
950,0.013885911468520223,0.013885911468520223,0,0
951,0.013882485214502709,0.013882485214502709,0,0
952,0.013879080771737204,0.013879080771737204,0,0
953,0.013875697245387456,0.013875697245387456,0,0
954,0.013872333778295859,0.013872333778295859,0,0
955,0.013868989549878441,0.013868989549878441,0,0
956,0.013865663775002196,0.013865663775002196,0,0
957,0.013862355702850217,0.013862355702850217,0,0
958,0.013859064615779048,0.013859064615779048,0,0
959,0.013855789828174791,0.013855789828174791,0,0
960,0.013852530685311162,0.013852530685311162,0,0
961,0.013849286562214716,0.013849286562214716,0,0
962,0.01384605686254024,0.01384605686254024,0,0
963,0.01384284101746045,0.01384284101746045,0,0
964,0.013839638484572278,0.013839638484572278,0,0
965,0.013836448746823268,0.013836448746823268,0,0
966,0.013833271311459757,0.013833271311459757,0,0
967,0.013830105708999459,0.013830105708999459,0,0
968,0.013826951492229709,0.013826951492229709,0,0
969,0.013823808235233423,0.013823808235233423,0,0
970,0.013820675532443273,0.013820675532443273,0,0
971,0.013817552997725783,0.013817552997725783,0,0
972,0.013814440263495327,0.013814440263495327,0,0
973,0.013811336979859144,0.013811336979859144,0,0
974,0.01380824281379334,0.01380824281379334,0,0
975,0.013805157448350232,0.013805157448350232,0,0
976,0.013802080581896808,0.013802080581896808,0,0
977,0.01379901192738406,0.01379901192738406,0,0
978,0.01379595121164715,0.01379595121164715,0,0
979,0.013792898174735958,0.013792898174735958,0,0
980,0.01378985256927519,0.01378985256927519,0,0
981,0.01378681415985337,0.01378681415985337,0,0
982,0.013783782722440779,0.013783782722440779,0,0
983,0.013780758043834019,0.013780758043834019,0,0
984,0.013777739921128658,0.013777739921128658,0,0
985,0.013774728161216256,0.013774728161216256,0,0
986,0.013771722580307422,0.013771722580307422,0,0
987,0.013768723003478258,0.013768723003478258,0,0
988,0.013765729264239968,0.013765729264239968,0,0
989,0.013762741204130366,0.013762741204130366,0,0
990,0.013759758672326752,0.013759758672326752,0,0
991,0.01375678152527829,0.01375678152527829,0,0
992,0.013753809626357862,0.013753809626357862,0,0
993,0.013750842845531875,0.013750842845531875,0,0
994,0.013747881059047173,0.013747881059047173,0,0
995,0.013744924149134311,0.013744924149134311,0,0
996,0.013741972003725938,0.013741972003725938,0,0
997,0.013739024516190131,0.013739024516190131,0,0
998,0.013736081585076672,0.013736081585076672,0,0
999,0.01373314311387678,0.01373314311387678,0,0
1000,0.01373020901079457,0.01373020901079457,0,0
1001,0.013727279188529808,0.013727279188529808,0,0
1002,0.013724353564071753,0.013724353564071753,0,0
1003,0.013721432058502165,0.013721432058502165,0,0
1004,0.013718514596808536,0.013718514596808536,0,0
1005,0.013715601107705432,0.013715601107705432,0,0
1006,0.013712691523464215,0.013712691523464215,0,0
1007,0.013709785779750768,0.013709785779750768,0,0
1008,0.013706883815469945,0.013706883815469945,0,0
1009,0.013703985572616994,0.013703985572616994,0,0
1010,0.013701090996135305,0.013701090996135305,0,0
1011,0.013698200033780203,0.013698200033780203,0,0
1012,0.013695312635987954,0.013695312635987954,0,0
1013,0.013692428755750623,0.013692428755750623,0,0
1014,0.013689548348495137,0.013689548348495137,0,0
1015,0.013686671371967532,0.013686671371967532,0,0
1016,0.013683797786121636,0.013683797786121636,0,0
1017,0.013680927553011316,0.013680927553011316,0,0
1018,0.013678060636687339,0.013678060636687339,0,0
1019,0.013675197003097463,0.013675197003097463,0,0
1020,0.013672336619990476,0.013672336619990476,0,0
1021,0.013669479456823046,0.013669479456823046,0,0
1022,0.013666625484670599,0.013666625484670599,0,0
1023,0.013663774676140272,0.013663774676140272,0,0
1024,0.013660927005287614,0.013660927005287614,0,0
1025,0.013658082447535786,0.013658082447535786,0,0
1026,0.013655240979597172,0.013655240979597172,0,0
1027,0.013652402579398145,0.013652402579398145,0,0
1028,0.013649567226005802,0.013649567226005802,0,0
1029,0.013646734899557297,0.013646734899557297,0,0
1030,0.013643905581191778,0.013643905581191778,0,0
1031,0.013641079252983692,0.013641079252983692,0,0
1032,0.01363825589787942,0.01363825589787942,0,0
1033,0.013635435499634896,0.013635435499634896,0,0
1034,0.013632618042755914,0.013632618042755914,0,0
1035,0.013629803512440098,0.013629803512440098,0,0
1036,0.013626991894520967,0.013626991894520967,0,0
1037,0.013624183175413522,0.013624183175413522,0,0
1038,0.013621377342062008,0.013621377342062008,0,0
1039,0.013618574381888944,0.013618574381888944,0,0
1040,0.013615774282746214,0.013615774282746214,0,0
1041,0.013612977032867648,0.013612977032867648,0,0
1042,0.013610182620823162,0.013610182620823162,0,0
1043,0.01360739103547445,0.01360739103547445,0,0
1044,0.013604602265932075,0.013604602265932075,0,0
1045,0.013601816301514415,0.013601816301514415,0,0
1046,0.013599033131707435,0.013599033131707435,0,0
1047,0.013596252746126332,0.013596252746126332,0,0
1048,0.013593475134478282,0.013593475134478282,0,0
1049,0.013590700286526583,0.013590700286526583,0,0
1050,0.01358792819205605,0.01358792819205605,0,0
1051,0.01358515884083963,0.01358515884083963,0,0
1052,0.013582392222606335,0.013582392222606335,0,0
1053,0.013579628327010419,0.013579628327010419,0,0
1054,0.013576867143601148,0.013576867143601148,0,0
1055,0.013574108661794726,0.013574108661794726,0,0
1056,0.013571352870846343,0.013571352870846343,0,0
1057,0.013568599759823975,0.013568599759823975,0,0
1058,0.013565849317582722,0.013565849317582722,0,0
1059,0.01356310153274074,0.01356310153274074,0,0
1060,0.013560356393655456,0.013560356393655456,0,0
1061,0.013557613888401722,0.013557613888401722,0,0
1062,0.01355487400475001,0.01355487400475001,0,0
1063,0.01355213673014614,0.01355213673014614,0,0
1064,0.013549402051691674,0.013549402051691674,0,0
1065,0.013546669956125282,0.013546669956125282,0,0
1066,0.013543940429805222,0.013543940429805222,0,0
1067,0.01354121345869223,0.01354121345869223,0,0
1068,0.01353848902833374,0.01353848902833374,0,0
1069,0.013535767123848689,0.013535767123848689,0,0
1070,0.013533047729913138,0.013533047729913138,0,0
1071,0.013530330830747025,0.013530330830747025,0,0
1072,0.01352761641010114,0.01352761641010114,0,0
1073,0.013524904451245585,0.013524904451245585,0,0
1074,0.013522194936958542,0.013522194936958542,0,0
1075,0.013519487849515904,0.013519487849515904,0,0
1076,0.013516783170681857,0.013516783170681857,0,0
1077,0.013514080881699817,0.013514080881699817,0,0
1078,0.01351138096328474,0.01351138096328474,0,0
1079,0.013508683395615482,0.013508683395615482,0,0
1080,0.013505988158328253,0.013505988158328253,0,0
1081,0.0135032952305109,0.0135032952305109,0,0
1082,0.01350060459069758,0.01350060459069758,0,0
1083,0.013497916216864294,0.013497916216864294,0,0
1084,0.013495230086425197,0.013495230086425197,0,0
1085,0.013492546176229595,0.013492546176229595,0,0
1086,0.013489864462559453,0.013489864462559453,0,0
1087,0.0134871849211278,0.0134871849211278,0,0
1088,0.013484507527077586,0.013484507527077586,0,0
1089,0.013481832254981629,0.013481832254981629,0,0
1090,0.013479159078842898,0.013479159078842898,0,0
1091,0.01347648797209535,0.01347648797209535,0,0
1092,0.013473818907606011,0.013473818907606011,0,0
1093,0.013471151857677072,0.013471151857677072,0,0
1094,0.013468486794049363,0.013468486794049363,0,0
1095,0.013465823687905682,0.013465823687905682,0,0
1096,0.013463162509875585,0.013463162509875585,0,0
1097,0.013460503230040319,0.013460503230040319,0,0
1098,0.013457845817938898,0.013457845817938898,0,0
1099,0.013455190242574145,0.013455190242574145,0,0
1100,0.013452536472420519,0.013452536472420519,0,0
1101,0.013449884475431419,0.013449884475431419,0,0
1102,0.013447234219048058,0.013447234219048058,0,0
1103,0.013444585670208686,0.013444585670208686,0,0
1104,0.013441938795358616,0.013441938795358616,0,0
1105,0.013439293560460641,0.013439293560460641,0,0
1106,0.013436649931006924,0.013436649931006924,0,0
1107,0.013434007872030498,0.013434007872030498,0,0
1108,0.013431367348118544,0.013431367348118544,0,0
1109,0.013428728323425678,0.013428728323425678,0,0
1110,0.013426090761688318,0.013426090761688318,0,0
1111,0.013423454626239692,0.013423454626239692,0,0
1112,0.013420819880025381,0.013420819880025381,0,0
1113,0.013418186485620043,0.013418186485620043,0,0
1114,0.013415554405244166,0.013415554405244166,0,0
1115,0.013412923600782792,0.013412923600782792,0,0
1116,0.013410294033803252,0.013410294033803252,0,0
1117,0.013407665665575393,0.013407665665575393,0,0
1118,0.013405038457091203,0.013405038457091203,0,0
1119,0.013402412369086148,0.013402412369086148,0,0
1120,0.013399787362060633,0.013399787362060633,0,0
1121,0.013397163396302599,0.013397163396302599,0,0
1122,0.01339454043191071,0.01339454043191071,0,0
1123,0.013391918428818237,0.013391918428818237,0,0
1124,0.01338929734681788,0.01338929734681788,0,0
1125,0.01338667714558725,0.01338667714558725,0,0
1126,0.013384057784715202,0.013384057784715202,0,0
1127,0.013381439223728656,0.013381439223728656,0,0
1128,0.013378821422120355,0.013378821422120355,0,0
1129,0.013376204339377574,0.013376204339377574,0,0
1130,0.013373587935010976,0.013373587935010976,0,0
1131,0.013370972168584962,0.013370972168584962,0,0
1132,0.013368356999747973,0.013368356999747973,0,0
1133,0.013365742388264174,0.013365742388264174,0,0
1134,0.01336312829404523,0.01336312829404523,0,0
1135,0.013360514677183149,0.013360514677183149,0,0
1136,0.013357901497983935,0.013357901497983935,0,0
1137,0.01335528871700119,0.01335528871700119,0,0
1138,0.013352676295071298,0.013352676295071298,0,0
1139,0.013350064193348289,0.013350064193348289,0,0
1140,0.01334745237334009,0.01334745237334009,0,0
1141,0.013344840796944842,0.013344840796944842,0,0
1142,0.01334222942648768,0.01334222942648768,0,0
1143,0.013339618224758694,0.013339618224758694,0,0
1144,0.01333700715505041,0.01333700715505041,0,0
1145,0.013334396181196714,0.013334396181196714,0,0
1146,0.01333178526761125,0.01333178526761125,0,0
1147,0.013329174379326868,0.013329174379326868,0,0
1148,0.013326563482035024,0.013326563482035024,0,0
1149,0.013323952542125792,0.013323952542125792,0,0
1150,0.013321341526727593,0.013321341526727593,0,0
1151,0.013318730403747854,0.013318730403747854,0,0
1152,0.013316119141913003,0.013316119141913003,0,0
1153,0.013313507710809365,0.013313507710809365,0,0
1154,0.01331089608092323,0.01331089608092323,0,0
1155,0.013308284223681669,0.013308284223681669,0,0
1156,0.013305672111492747,0.013305672111492747,0,0
1157,0.01330305971778592,0.01330305971778592,0,0
1158,0.013300447017051837,0.013300447017051837,0,0
1159,0.013297833984882415,0.013297833984882415,0,0
1160,0.013295220598009664,0.013295220598009664,0,0
1161,0.01329260683434529,0.01329260683434529,0,0
1162,0.013289992673018544,0.013289992673018544,0,0
1163,0.01328737809441449,0.01328737809441449,0,0
1164,0.01328476308021079,0.01328476308021079,0,0
1165,0.013282147613414522,0.013282147613414522,0,0
1166,0.013279531678397334,0.013279531678397334,0,0
1167,0.013276915260930439,0.013276915260930439,0,0
1168,0.01327429834821817,0.01327429834821817,0,0
1169,0.013271680928930487,0.013271680928930487,0,0
1170,0.013269062993234345,0.013269062993234345,0,0
1171,0.013266444532823845,0.013266444532823845,0,0
1172,0.01326382554094903,0.01326382554094903,0,0
1173,0.01326120601244306,0.01326120601244306,0,0
1174,0.013258585943748137,0.013258585943748137,0,0
1175,0.013255965332939454,0.013255965332939454,0,0
1176,0.013253344179747637,0.013253344179747637,0,0
1177,0.013250722485579538,0.013250722485579538,0,0
1178,0.013248100253536899,0.013248100253536899,0,0
1179,0.01324547748843309,0.01324547748843309,0,0
1180,0.013242854196807815,0.013242854196807815,0,0
1181,0.013240230386939987,0.013240230386939987,0,0
1182,0.013237606068857825,0.013237606068857825,0,0
1183,0.013234981254347293,0.013234981254347293,0,0
1184,0.01323235595695804,0.01323235595695804,0,0
1185,0.013229730192006644,0.013229730192006644,0,0
1186,0.01322710397657793,0.01322710397657793,0,0
1187,0.01322447732952344,0.01322447732952344,0,0
1188,0.01322185027145755,0.01322185027145755,0,0
1189,0.0132192228247511,0.0132192228247511,0,0
1190,0.013216595013522124,0.013216595013522124,0,0
1191,0.013213966863624573,0.013213966863624573,0,0
1192,0.013211338402633601,0.013211338402633601,0,0
1193,0.013208709659829272,0.013208709659829272,0,0
1194,0.01320608066617644,0.01320608066617644,0,0
1195,0.013203451454303228,0.013203451454303228,0,0
1196,0.01320082205847599,0.01320082205847599,0,0
1197,0.013198192514572205,0.013198192514572205,0,0
1198,0.01319556286005094,0.01319556286005094,0,0
1199,0.013192933133920419,0.013192933133920419,0,0
1200,0.013190303376703471,0.013190303376703471,0,0
1201,0.013187673630400755,0.013187673630400755,0,0
1202,0.013185043938451331,0.013185043938451331,0,0
1203,0.013182414345691494,0.013182414345691494,0,0
1204,0.013179784898311219,0.013179784898311219,0,0
1205,0.013177155643808725,0.013177155643808725,0,0
1206,0.013174526630943055,0.013174526630943055,0,0
1207,0.013171897909685232,0.013171897909685232,0,0
1208,0.013169269531167345,0.013169269531167345,0,0
1209,0.013166641547630597,0.013166641547630597,0,0
1210,0.01316401401237152,0.01316401401237152,0,0
1211,0.013161386979687398,0.013161386979687398,0,0
1212,0.013158760504820375,0.013158760504820375,0,0
1213,0.01315613464390089,0.01315613464390089,0,0
1214,0.013153509453890107,0.013153509453890107,0,0
1215,0.01315088499252214,0.01315088499252214,0,0
1216,0.013148261318245246,0.013148261318245246,0,0
1217,0.013145638490163885,0.013145638490163885,0,0
1218,0.013143016567979284,0.013143016567979284,0,0
1219,0.013140395611931477,0.013140395611931477,0,0
1220,0.013137775682740622,0.013137775682740622,0,0
1221,0.01313515684154936,0.01313515684154936,0,0
1222,0.0131325391498655,0.0131325391498655,0,0
1223,0.013129922669505507,0.013129922669505507,0,0
1224,0.013127307462539123,0.013127307462539123,0,0
1225,0.013124693591234778,0.013124693591234778,0,0
1226,0.013122081118006309,0.013122081118006309,0,0
1227,0.01311947010536136,0.01311947010536136,0,0
1228,0.013116860615850589,0.013116860615850589,0,0
1229,0.01311425271201951,0.01311425271201951,0,0
1230,0.01311164645636086,0.01311164645636086,0,0
1231,0.013109041911269808,0.013109041911269808,0,0
1232,0.013106439139000706,0.013106439139000706,0,0
1233,0.0131038382016255,0.0131038382016255,0,0
1234,0.01310123916099515,0.01310123916099515,0,0
1235,0.013098642078702096,0.013098642078702096,0,0
1236,0.013096047016045961,0.013096047016045961,0,0
1237,0.013093454034000489,0.013093454034000489,0,0
1238,0.013090863193183783,0.013090863193183783,0,0
1239,0.013088274553829752,0.013088274553829752,0,0
1240,0.013085688175762925,0.013085688175762925,0,0
1241,0.013083104118374673,0.013083104118374673,0,0
1242,0.013080522440602118,0.013080522440602118,0,0
1243,0.013077943200909136,0.013077943200909136,0,0
1244,0.01307536645726976,0.01307536645726976,0,0
1245,0.013072792267153384,0.013072792267153384,0,0
1246,0.01307022068751227,0.01307022068751227,0,0
1247,0.013067651774771101,0.013067651774771101,0,0
1248,0.013065085584818309,0.013065085584818309,0,0
1249,0.013062522172999504,0.013062522172999504,0,0
1250,0.013059961594112402,0.013059961594112402,0,0
1251,0.013057403902403592,0.013057403902403592,0,0
1252,0.013054849151566836,0.013054849151566836,0,0
1253,0.013052297394742809,0.013052297394742809,0,0
1254,0.01304974868452049,0.01304974868452049,0,0
1255,0.013047203072939146,0.013047203072939146,0,0
1256,0.013044660611492254,0.013044660611492254,0,0
1257,0.01304212135113168,0.01304212135113168,0,0
1258,0.013039585342273662,0.013039585342273662,0,0
1259,0.013037052634804546,0.013037052634804546,0,0
1260,0.013034523278088114,0.013034523278088114,0,0
1261,0.013031997320972944,0.013031997320972944,0,0
1262,0.013029474811800688,0.013029474811800688,0,0
1263,0.01302695579841393,0.01302695579841393,0,0
1264,0.013024440328165281,0.013024440328165281,0,0
1265,0.013021928447926013,0.013021928447926013,0,0
1266,0.013019420204094884,0.013019420204094884,0,0
1267,0.013016915642606947,0.013016915642606947,0,0
1268,0.013014414808942325,0.013014414808942325,0,0
1269,0.013011917748134816,0.013011917748134816,0,0
1270,0.013009424504780074,0.013009424504780074,0,0
1271,0.013006935123043439,0.013006935123043439,0,0
1272,0.013004449646667929,0.013004449646667929,0,0
1273,0.013001968118980732,0.013001968118980732,0,0
1274,0.012999490582900406,0.012999490582900406,0,0
1275,0.01299701708094267,0.01299701708094267,0,0
1276,0.01299454765522594,0.01299454765522594,0,0
1277,0.012992082347476314,0.012992082347476314,0,0
1278,0.01298962119903159,0.01298962119903159,0,0
1279,0.012987164250845076,0.012987164250845076,0,0
1280,0.012984711543488599,0.012984711543488599,0,0
1281,0.012982263117154367,0.012982263117154367,0,0
1282,0.01297981901165679,0.01297981901165679,0,0
1283,0.01297737926643331,0.01297737926643331,0,0
1284,0.012974943920544253,0.012974943920544253,0,0
1285,0.012972513012672701,0.012972513012672701,0,0
1286,0.012970086581122803,0.012970086581122803,0,0
1287,0.012967664663818261,0.012967664663818261,0,0
1288,0.012965247298299428,0.012965247298299428,0,0
1289,0.012962834521720286,0.012962834521720286,0,0
1290,0.012960426370844757,0.012960426370844757,0,0
1291,0.012958022882041998,0.012958022882041998,0,0
1292,0.012955624091281455,0.012955624091281455,0,0
1293,0.012953230034127764,0.012953230034127764,0,0
1294,0.012950840745734144,0.012950840745734144,0,0
1295,0.012948456260836403,0.012948456260836403,0,0
1296,0.012946076613745427,0.012946076613745427,0,0
1297,0.012943701838340368,0.012943701838340368,0,0
1298,0.012941331968060426,0.012941331968060426,0,0
1299,0.012938967035896747,0.012938967035896747,0,0
1300,0.012936607074384404,0.012936607074384404,0,0
1301,0.01293425211559301,0.01293425211559301,0,0
1302,0.012931902191117929,0.012931902191117929,0,0
1303,0.012929557332071169,0.012929557332071169,0,0
1304,0.012927217569071696,0.012927217569071696,0,0
1305,0.012924882932235702,0.012924882932235702,0,0
1306,0.012922553451167069,0.012922553451167069,0,0
1307,0.012920229154947173,0.012920229154947173,0,0
1308,0.01291791007212498,0.01291791007212498,0,0
1309,0.012915596230706887,0.012915596230706887,0,0
1310,0.012913287658146793,0.012913287658146793,0,0
1311,0.012910984381335639,0.012910984381335639,0,0
1312,0.01290868642659139,0.01290868642659139,0,0
1313,0.012906393819648955,0.012906393819648955,0,0
1314,0.01290410658565009,0.01290410658565009,0,0
1315,0.012901824749133367,0.012901824749133367,0,0
1316,0.012899548334024166,0.012899548334024166,0,0
1317,0.012897277363624934,0.012897277363624934,0,0
1318,0.012895011860605501,0.012895011860605501,0,0
1319,0.012892751846993454,0.012892751846993454,0,0
1320,0.012890497344164552,0.012890497344164552,0,0
1321,0.012888248372833812,0.012888248372833812,0,0
1322,0.012886004953045975,0.012886004953045975,0,0
1323,0.012883767104166804,0.012883767104166804,0,0
1324,0.012881534844874457,0.012881534844874457,0,0
1325,0.012879308193150486,0.012879308193150486,0,0
1326,0.01287708716627197,0.01287708716627197,0,0
1327,0.012874871780803113,0.012874871780803113,0,0
1328,0.012872662052587332,0.012872662052587332,0,0
1329,0.012870457996739715,0.012870457996739715,0,0
1330,0.012868259627639041,0.012868259627639041,0,0
1331,0.012866066958921209,0.012866066958921209,0,0
1332,0.012863880003471646,0.012863880003471646,0,0
1333,0.012861698773418714,0.012861698773418714,0,0
1334,0.012859523280126952,0.012859523280126952,0,0
1335,0.012857353534190909,0.012857353534190909,0,0
1336,0.01285518954542876,0.01285518954542876,0,0
1337,0.012853031322876535,0.012853031322876535,0,0
1338,0.01285087887478225,0.01285087887478225,0,0
1339,0.012848732208600663,0.012848732208600663,0,0
1340,0.012846591330987624,0.012846591330987624,0,0
1341,0.012844456247795247,0.012844456247795247,0,0
1342,0.012842326964067065,0.012842326964067065,0,0
1343,0.012840203484033025,0.012840203484033025,0,0
1344,0.012838085811105357,0.012838085811105357,0,0
1345,0.012835973947874182,0.012835973947874182,0,0
1346,0.012833867896103185,0.012833867896103185,0,0
1347,0.012831767656725989,0.012831767656725989,0,0
1348,0.012829673229842237,0.012829673229842237,0,0
1349,0.012827584614713892,0.012827584614713892,0,0
1350,0.012825501809762068,0.012825501809762068,0,0
1351,0.012823424812563601,0.012823424812563601,0,0
1352,0.012821353619847735,0.012821353619847735,0,0
1353,0.012819288227493612,0.012819288227493612,0,0
1354,0.012817228630526782,0.012817228630526782,0,0
1355,0.012815174823117207,0.012815174823117207,0,0
1356,0.012813126798575864,0.012813126798575864,0,0
1357,0.01281108454935301,0.01281108454935301,0,0
1358,0.01280904806703532,0.01280904806703532,0,0
1359,0.012807017342343772,0.012807017342343772,0,0
1360,0.012804992365131407,0.012804992365131407,0,0
1361,0.012802973124381526,0.012802973124381526,0,0
1362,0.012800959608205304,0.012800959608205304,0,0
1363,0.012798951803840114,0.012798951803840114,0,0
1364,0.01279694969764765,0.01279694969764765,0,0
1365,0.012794953275112144,0.012794953275112144,0,0
1366,0.012792962520838795,0.012792962520838795,0,0
1367,0.012790977418551838,0.012790977418551838,0,0
1368,0.01278899795109328,0.01278899795109328,0,0
1369,0.012787024100421134,0.012787024100421134,0,0
1370,0.01278505584760809,0.01278505584760809,0,0
1371,0.012783093172839913,0.012783093172839913,0,0
1372,0.012781136055414272,0.012781136055414272,0,0
1373,0.012779184473738955,0.012779184473738955,0,0
1374,0.012777238405331088,0.012777238405331088,0,0
1375,0.012775297826815218,0.012775297826815218,0,0
1376,0.012773362713922518,0.012773362713922518,0,0
1377,0.012771433041489262,0.012771433041489262,0,0
1378,0.012769508783455426,0.012769508783455426,0,0
1379,0.012767589912863815,0.012767589912863815,0,0
1380,0.012765676401858656,0.012765676401858656,0,0
1381,0.012763768221684218,0.012763768221684218,0,0
1382,0.012761865342683915,0.012761865342683915,0,0
1383,0.012759967734298829,0.012759967734298829,0,0
1384,0.012758075365066658,0.012758075365066658,0,0
1385,0.012756188202620722,0.012756188202620722,0,0
1386,0.012754306213688326,0.012754306213688326,0,0
1387,0.012752429364090113,0.012752429364090113,0,0
1388,0.012750557618738586,0.012750557618738586,0,0
1389,0.01274869094163704,0.01274869094163704,0,0
1390,0.012746829295878582,0.012746829295878582,0,0
1391,0.012744972643644697,0.012744972643644697,0,0
1392,0.0127431209462046,0.0127431209462046,0,0
1393,0.012741274163913739,0.012741274163913739,0,0
1394,0.012739432256213067,0.012739432256213067,0,0
1395,0.012737595181627755,0.012737595181627755,0,0
1396,0.012735762897766402,0.012735762897766402,0,0
1397,0.012733935361320045,0.012733935361320045,0,0
1398,0.012732112528061104,0.012732112528061104,0,0
1399,0.01273029435284268,0.01273029435284268,0,0
1400,0.01272848078959769,0.01272848078959769,0,0
1401,0.012726671791338132,0.012726671791338132,0,0
1402,0.012724867310154198,0.012724867310154198,0,0
1403,0.012723067297214277,0.012723067297214277,0,0
1404,0.012721271702763636,0.012721271702763636,0,0
1405,0.012719480476124565,0.012719480476124565,0,0
1406,0.012717693565695921,0.012717693565695921,0,0
1407,0.012715910918952926,0.012715910918952926,0,0
1408,0.012714132482447035,0.012714132482447035,0,0
1409,0.012712358201806342,0.012712358201806342,0,0
1410,0.012710588021735395,0.012710588021735395,0,0
1411,0.01270882188601594,0.01270882188601594,0,0
1412,0.0127070597375074,0.0127070597375074,0,0
1413,0.012705301518147864,0.012705301518147864,0,0
1414,0.012703547168954943,0.012703547168954943,0,0
1415,0.01270179663002724,0.01270179663002724,0,0
1416,0.012700049840545818,0.012700049840545818,0,0
1417,0.01269830673877613,0.01269830673877613,0,0
1418,0.012696567262070168,0.012696567262070168,0,0
1419,0.012694831346868966,0.012694831346868966,0,0
1420,0.012693098928705383,0.012693098928705383,0,0
1421,0.012691369942207554,0.012691369942207554,0,0
1422,0.012689644321102311,0.012689644321102311,0,0
1423,0.012687921998219581,0.012687921998219581,0,0
1424,0.012686202905496786,0.012686202905496786,0,0
1425,0.012684486973983874,0.012684486973983874,0,0
1426,0.01268277413384907,0.01268277413384907,0,0
1427,0.012681064314385218,0.012681064314385218,0,0
1428,0.01267935744401624,0.01267935744401624,0,0
1429,0.012677653450304924,0.012677653450304924,0,0
1430,0.012675952259961069,0.012675952259961069,0,0
1431,0.012674253798850102,0.012674253798850102,0,0
1432,0.012672557992003158,0.012672557992003158,0,0
1433,0.012670864763627264,0.012670864763627264,0,0
1434,0.012669174037116742,0.012669174037116742,0,0
1435,0.012667485735065766,0.012667485735065766,0,0
1436,0.012665799779281358,0.012665799779281358,0,0
1437,0.012664116090797534,0.012664116090797534,0,0
1438,0.012662434589891034,0.012662434589891034,0,0
1439,0.01266075519609754,0.01266075519609754,0,0
1440,0.01265907782822943,0.01265907782822943,0,0
1441,0.01265740240439464,0.01265740240439464,0,0
1442,0.012655728842016883,0.012655728842016883,0,0
1443,0.012654057057857415,0.012654057057857415,0,0
1444,0.012652386968037783,0.012652386968037783,0,0
1445,0.012650718488064582,0.012650718488064582,0,0
1446,0.012649051532855457,0.012649051532855457,0,0
1447,0.012647386016766895,0.012647386016766895,0,0
1448,0.012645721853623497,0.012645721853623497,0,0
1449,0.012644058956749565,0.012644058956749565,0,0
1450,0.012642397239001749,0.012642397239001749,0,0
1451,0.012640736612804378,0.012640736612804378,0,0
1452,0.012639076990186269,0.012639076990186269,0,0
1453,0.012637418282819925,0.012637418282819925,0,0
1454,0.012635760402062572,0.012635760402062572,0,0
1455,0.01263410325899967,0.01263410325899967,0,0
1456,0.012632446764490712,0.012632446764490712,0,0
1457,0.012630790829217274,0.012630790829217274,0,0
1458,0.012629135363733451,0.012629135363733451,0,0
1459,0.012627480278519026,0.012627480278519026,0,0
1460,0.012625825484034806,0.012625825484034806,0,0
1461,0.012624170890781501,0.012624170890781501,0,0
1462,0.012622516409359904,0.012622516409359904,0,0
1463,0.012620861950535248,0.012620861950535248,0,0
1464,0.0126192074253035,0.0126192074253035,0,0
1465,0.012617552744960948,0.012617552744960948,0,0
1466,0.012615897821176602,0.012615897821176602,0,0
1467,0.012614242566067418,0.012614242566067418,0,0
1468,0.012612586892276963,0.012612586892276963,0,0
1469,0.01261093071305674,0.01261093071305674,0,0
1470,0.012609273942350736,0.012609273942350736,0,0
1471,0.012607616494883098,0.012607616494883098,0,0
1472,0.01260595828624889,0.01260595828624889,0,0
1473,0.012604299233007925,0.012604299233007925,0,0
1474,0.012602639252781603,0.012602639252781603,0,0
1475,0.012600978264353278,0.012600978264353278,0,0
1476,0.012599316187770774,0.012599316187770774,0,0
1477,0.012597652944452949,0.012597652944452949,0,0
1478,0.012595988457298321,0.012595988457298321,0,0
1479,0.012594322650796946,0.012594322650796946,0,0
1480,0.012592655451145166,0.012592655451145166,0,0
1481,0.0125909867863625,0.0125909867863625,0,0
1482,0.012589316586411669,0.012589316586411669,0,0
1483,0.012587644783320575,0.012587644783320575,0,0
1484,0.012585971311306588,0.012585971311306588,0,0
1485,0.012584296106903073,0.012584296106903073,0,0
1486,0.012582619109087192,0.012582619109087192,0,0
1487,0.01258094025940998,0.01258094025940998,0,0
1488,0.012579259502127375,0.012579259502127375,0,0
1489,0.012577576784332235,0.012577576784332235,0,0
1490,0.012575892056087307,0.012575892056087307,0,0
1491,0.012574205270558669,0.012574205270558669,0,0
1492,0.01257251638414916,0.01257251638414916,0,0
1493,0.012570825356631713,0.012570825356631713,0,0
1494,0.012569132151281543,0.012569132151281543,0,0
1495,0.0125674367350082,0.0125674367350082,0,0
1496,0.012565739078485055,0.012565739078485055,0,0
1497,0.012564039156277582,0.012564039156277582,0,0
1498,0.012562336946968906,0.012562336946968906,0,0
1499,0.012560632433282285,0.012560632433282285,0,0
1500,0.012558925602200455,0.012558925602200455,0,0
1501,0.01255721644508042,0.01255721644508042,0,0
1502,0.012555504957764365,0.012555504957764365,0,0
1503,0.012553791140684908,0.012553791140684908,0,0
1504,0.012552074998964623,0.012552074998964623,0,0
1505,0.012550356542509739,0.012550356542509739,0,0
1506,0.012548635786096404,0.012548635786096404,0,0
1507,0.012546912749449593,0.012546912749449593,0,0
1508,0.012545187457314326,0.012545187457314326,0,0
1509,0.012543459939517557,0.012543459939517557,0,0
1510,0.012541730231021089,0.012541730231021089,0,0
1511,0.012539998371964935,0.012539998371964935,0,0
1512,0.012538264407699918,0.012538264407699918,0,0
1513,0.012536528388809422,0.012536528388809422,0,0
1514,0.012534790371119724,0.012534790371119724,0,0
1515,0.012533050415698856,0.012533050415698856,0,0
1516,0.012531308588842325,0.012531308588842325,0,0
1517,0.01252956496204705,0.01252956496204705,0,0
1518,0.012527819611971256,0.012527819611971256,0,0
1519,0.012526072620382168,0.012526072620382168,0,0
1520,0.012524324074089006,0.012524324074089006,0,0
1521,0.012522574064862747,0.012522574064862747,0,0
1522,0.012520822689342202,0.012520822689342202,0,0
1523,0.012519070048925345,0.012519070048925345,0,0
1524,0.01251731624964745,0.01251731624964745,0,0
1525,0.012515561402045175,0.012515561402045175,0,0
1526,0.012513805621006482,0.012513805621006482,0,0
1527,0.012512049025607987,0.012512049025607987,0,0
1528,0.012510291738938062,0.012510291738938062,0,0
1529,0.01250853388790822,0.01250853388790822,0,0
1530,0.012506775603051213,0.012506775603051213,0,0
1531,0.01250501701830824,0.01250501701830824,0,0
1532,0.012503258270804446,0.012503258270804446,0,0
1533,0.01250149950061422,0.01250149950061422,0,0
1534,0.012499740850516429,0.012499740850516429,0,0
1535,0.01249798246574137,0.01249798246574137,0,0
1536,0.012496224493709147,0.012496224493709147,0,0
1537,0.012494467083761174,0.012494467083761174,0,0
1538,0.012492710386885358,0.012492710386885358,0,0
1539,0.012490954555436945,0.012490954555436945,0,0
1540,0.012489199742853951,0.012489199742853951,0,0
1541,0.0124874461033711,0.0124874461033711,0,0
1542,0.012485693791730885,0.012485693791730885,0,0
1543,0.012483942962894266,0.012483942962894266,0,0
1544,0.012482193771751844,0.012482193771751844,0,0
1545,0.01248044637283622,0.01248044637283622,0,0
1546,0.012478700920037005,0.012478700920037005,0,0
1547,0.0124769575663199,0.0124769575663199,0,0
1548,0.012475216463449729,0.012475216463449729,0,0
1549,0.012473477761719982,0.012473477761719982,0,0
1550,0.012471741609688588,0.012471741609688588,0,0
1551,0.012470008153921595,0.012470008153921595,0,0
1552,0.012468277538745109,0.012468277538745109,0,0
1553,0.012466549906007084,0.012466549906007084,0,0
1554,0.012464825394848583,0.012464825394848583,0,0
1555,0.012463104141486677,0.012463104141486677,0,0
1556,0.012461386279007896,0.012461386279007896,0,0
1557,0.012459671937174548,0.012459671937174548,0,0
1558,0.012457961242242983,0.012457961242242983,0,0
1559,0.012456254316795187,0.012456254316795187,0,0
1560,0.012454551279583396,0.012454551279583396,0,0
1561,0.012452852245388214,0.012452852245388214,0,0
1562,0.012451157324891018,0.012451157324891018,0,0
1563,0.01244946662455959,0.01244946662455959,0,0
1564,0.01244778024654814,0.01244778024654814,0,0
1565,0.01244609828861126,0.01244609828861126,0,0
1566,0.01244442084403156,0.01244442084403156,0,0
1567,0.012442748001561308,0.012442748001561308,0,0
1568,0.01244107984537767,0.01244107984537767,0,0
1569,0.012439416455051183,0.012439416455051183,0,0
1570,0.01243775790552714,0.01243775790552714,0,0
1571,0.012436104267120556,0.012436104267120556,0,0
1572,0.012434455605522242,0.012434455605522242,0,0
1573,0.012432811981818009,0.012432811981818009,0,0
1574,0.012431173452518585,0.012431173452518585,0,0
1575,0.012429540069601105,0.012429540069601105,0,0
1576,0.012427911880560678,0.012427911880560678,0,0
1577,0.012426288928472315,0.012426288928472315,0,0
1578,0.012424671252062112,0.012424671252062112,0,0
1579,0.012423058885787161,0.012423058885787161,0,0
1580,0.012421451859923995,0.012421451859923995,0,0
1581,0.012419850200664688,0.012419850200664688,0,0
1582,0.012418253930219694,0.012418253930219694,0,0
1583,0.01241666306692742,0.01241666306692742,0,0
1584,0.012415077625369541,0.012415077625369541,0,0
1585,0.012413497616491636,0.012413497616491636,0,0
1586,0.012411923047728177,0.012411923047728177,0,0
1587,0.012410353923131669,0.012410353923131669,0,0
1588,0.012408790243505306,0.012408790243505306,0,0
1589,0.012407232006538213,0.012407232006538213,0,0
1590,0.012405679206943155,0.012405679206943155,0,0
1591,0.012404131836595408,0.012404131836595408,0,0
1592,0.012402589884673632,0.012402589884673632,0,0
1593,0.01240105333780069,0.01240105333780069,0,0
1594,0.01239952218018451,0.01239952218018451,0,0
1595,0.012397996393759244,0.012397996393759244,0,0
1596,0.012396475958325168,0.012396475958325168,0,0
1597,0.012394960851687013,0.012394960851687013,0,0
1598,0.012393451049791265,0.012393451049791265,0,0
1599,0.012391946526861304,0.012391946526861304,0,0
1600,0.012390447255529714,0.012390447255529714,0,0
1601,0.012388953206968442,0.012388953206968442,0,0
1602,0.012387464351015497,0.012387464351015497,0,0
1603,0.012385980656298845,0.012385980656298845,0,0
1604,0.012384502090356228,0.012384502090356228,0,0
1605,0.012383028619751919,0.012383028619751919,0,0
1606,0.012381560210188715,0.012381560210188715,0,0
1607,0.012380096826616786,0.012380096826616786,0,0
1608,0.012378638433337745,0.012378638433337745,0,0
1609,0.012377184994104415,0.012377184994104415,0,0
1610,0.012375736472216238,0.012375736472216238,0,0
1611,0.012374292830610482,0.012374292830610482,0,0
1612,0.012372854031948584,0.012372854031948584,0,0
1613,0.012371420038698153,0.012371420038698153,0,0
1614,0.012369990813210377,0.012369990813210377,0,0
1615,0.01236856631779282,0.01236856631779282,0,0
1616,0.01236714651477804,0.01236714651477804,0,0
1617,0.0123657313665875,0.0123657313665875,0,0
1618,0.012364320835791254,0.012364320835791254,0,0
1619,0.012362914885163072,0.012362914885163072,0,0
1620,0.012361513477732075,0.012361513477732075,0,0
1621,0.012360116576829429,0.012360116576829429,0,0
1622,0.012358724146131745,0.012358724146131745,0,0
1623,0.012357336149699983,0.012357336149699983,0,0
1624,0.012355952552015418,0.012355952552015418,0,0
1625,0.01235457331801129,0.01235457331801129,0,0
1626,0.01235319841310151,0.01235319841310151,0,0
1627,0.012351827803205664,0.012351827803205664,0,0
1628,0.012350461454771249,0.012350461454771249,0,0
1629,0.012349099334792517,0.012349099334792517,0,0
1630,0.012347741410826892,0.012347741410826892,0,0
1631,0.012346387651008097,0.012346387651008097,0,0
1632,0.012345038024057363,0.012345038024057363,0,0
1633,0.012343692499291684,0.012343692499291684,0,0
1634,0.012342351046630265,0.012342351046630265,0,0
1635,0.01234101363659845,0.01234101363659845,0,0
1636,0.012339680240329956,0.012339680240329956,0,0
1637,0.012338350829567142,0.012338350829567142,0,0
1638,0.012337025376659658,0.012337025376659658,0,0
1639,0.012335703854561345,0.012335703854561345,0,0
1640,0.012334386236826117,0.012334386236826117,0,0
1641,0.012333072497601894,0.012333072497601894,0,0
1642,0.012331762611624116,0.012331762611624116,0,0
1643,0.012330456554207324,0.012330456554207324,0,0
1644,0.012329154301236564,0.012329154301236564,0,0
1645,0.012327855829157386,0.012327855829157386,0,0
1646,0.012326561114965296,0.012326561114965296,0,0
1647,0.012325270136194506,0.012325270136194506,0,0
1648,0.01232398287090611,0.01232398287090611,0,0
1649,0.012322699297675717,0.012322699297675717,0,0
1650,0.012321419395580853,0.012321419395580853,0,0
1651,0.012320143144187449,0.012320143144187449,0,0
1652,0.012318870523536888,0.012318870523536888,0,0
1653,0.012317601514132194,0.012317601514132194,0,0
1654,0.012316336096924462,0.012316336096924462,0,0
1655,0.012315074253298688,0.012315074253298688,0,0
1656,0.012313815965060197,0.012313815965060197,0,0
1657,0.012312561214420542,0.012312561214420542,0,0
1658,0.012311309983983899,0.012311309983983899,0,0
1659,0.012310062256732996,0.012310062256732996,0,0
1660,0.012308818016015572,0.012308818016015572,0,0
1661,0.012307577245531075,0.012307577245531075,0,0
1662,0.012306339929317029,0.012306339929317029,0,0
1663,0.012305106051736082,0.012305106051736082,0,0
1664,0.012303875597463121,0.012303875597463121,0,0
1665,0.012302648551472572,0.012302648551472572,0,0
1666,0.012301424899025849,0.012301424899025849,0,0
1667,0.012300204625659696,0.012300204625659696,0,0
1668,0.012298987717173835,0.012298987717173835,0,0
1669,0.012297774159619813,0.012297774159619813,0,0
1670,0.01229656393928946,0.01229656393928946,0,0
1671,0.012295357042704281,0.012295357042704281,0,0
1672,0.0122941534566048,0.0122941534566048,0,0
1673,0.01229295316794001,0.01229295316794001,0,0
1674,0.012291756163857822,0.012291756163857822,0,0
1675,0.012290562431695145,0.012290562431695145,0,0
1676,0.012289371958968886,0.012289371958968886,0,0
1677,0.012288184733366354,0.012288184733366354,0,0
1678,0.012287000742737739,0.012287000742737739,0,0
1679,0.012285819975085866,0.012285819975085866,0,0
1680,0.01228464241856105,0.01228464241856105,0,0
1681,0.012283468061449232,0.012283468061449232,0,0
1682,0.012282296892170409,0.012282296892170409,0,0
1683,0.01228112889926297,0.01228112889926297,0,0
1684,0.012279964071389359,0.012279964071389359,0,0
1685,0.01227880239731144,0.01227880239731144,0,0
1686,0.012277643865910733,0.012277643865910733,0,0
1687,0.012276488466144644,0.012276488466144644,0,0
1688,0.012275336187097124,0.012275336187097124,0,0
1689,0.012274187017894256,0.012274187017894256,0,0
1690,0.012273040947824426,0.012273040947824426,0,0
1691,0.01227189796616891,0.01227189796616891,0,0
1692,0.012270758062492244,0.012270758062492244,0,0
1693,0.01226962122632026,0.01226962122632026,0,0
1694,0.01226848744790628,0.01226848744790628,0,0
1695,0.012267356717790402,0.012267356717790402,0,0
1696,0.012266229029210199,0.012266229029210199,0,0
1697,0.01226510437877777,0.01226510437877777,0,0
1698,0.01226398277614178,0.01226398277614178,0,0
1699,0.012262864255929902,0.012262864255929902,0,0
1700,0.012261748926190055,0.012261748926190055,0,0
1701,0.012260637062176366,0.012260637062176366,0,0
1702,0.012259529387575768,0.012259529387575768,0,0
1703,0.012258427724747995,0.012258427724747995,0,0
1704,0.012257336765426306,0.012257336765426306,0,0
1705,0.012256268478192214,0.012256268478192214,0,0
1706,0.012255253786432004,0.012255253786432004,0,0
1707,0.012254372643704214,0.012254372643704214,0,0
1708,0.012253833454292633,0.012253833454292633,0,0
1709,0.012254181388341428,0.012254181388341428,0,0
1710,0.012256849602790283,0.012256849602790283,0,0
1711,0.01226561249530771,0.01226561249530771,0,0
1712,0.012290366466944935,0.012290366466944935,0,0
1713,0.012356580830753406,0.012356580830753406,0,0
1714,0.012525793710884473,0.012525793710884473,0,0
1715,0.012922604452794289,0.012922604452794289,0,0
1716,0.013681134194793077,0.013681134194793077,0,0
1717,0.014561244793901341,0.014561244793901341,0,0
1718,0.0145398357625655,0.0145398357625655,0,0
1719,0.013172365837846407,0.013172365837846407,0,0
1720,0.01224356864799158,0.01224356864799158,0,0
1721,0.012927450164852031,0.012927450164852031,0,0
1722,0.013583718448947703,0.013583718448947703,0,0
1723,0.012861530348765658,0.012861530348765658,0,0
1724,0.012240306444275068,0.012240306444275068,0,0
1725,0.012800280255666166,0.012800280255666166,0,0
1726,0.013042488712976938,0.013042488712976938,0,0
1727,0.01240551615456872,0.01240551615456872,0,0
1728,0.012336403841491966,0.012336403841491966,0,0
1729,0.012787269348915234,0.012787269348915234,0,0
1730,0.01256737350570363,0.01256737350570363,0,0
1731,0.012232570130695924,0.012232570130695924,0,0
1732,0.012508044248572575,0.012508044248572575,0,0
1733,0.012577423376493794,0.012577423376493794,0,0
1734,0.012264635961202112,0.012264635961202112,0,0
1735,0.012332582246525548,0.012332582246525548,0,0
1736,0.012503231584720761,0.012503231584720761,0,0
1737,0.012309621804872757,0.012309621804872757,0,0
1738,0.012250862916529076,0.012250862916529076,0,0
1739,0.01241045437487002,0.01241045437487002,0,0
1740,0.012331300745790455,0.012331300745790455,0,0
1741,0.012224589883132166,0.012224589883132166,0,0
1742,0.012331277962159902,0.012331277962159902,0,0
1743,0.012328599872684368,0.012328599872684368,0,0
1744,0.012223892366163405,0.012223892366163405,0,0
1745,0.012275061842769101,0.012275061842769101,0,0
1746,0.012310406292704279,0.012310406292704279,0,0
1747,0.012231191224948071,0.012231191224948071,0,0
1748,0.012239846790439097,0.012239846790439097,0,0
1749,0.012285901694293876,0.012285901694293876,0,0
1750,0.012237500102526607,0.012237500102526607,0,0
1751,0.012220807077375734,0.012220807077375734,0,0
1752,0.012261083166601341,0.012261083166601341,0,0
1753,0.012239618864840767,0.012239618864840767,0,0
1754,0.012212487096116184,0.012212487096116184,0,0
1755,0.012239584108923639,0.012239584108923639,0,0
1756,0.012237210735235067,0.012237210735235067,0,0
1757,0.012210111539812257,0.012210111539812257,0,0
1758,0.012223067760095482,0.012223067760095482,0,0
1759,0.012231151408548427,0.012231151408548427,0,0
1760,0.012210193217184301,0.012210193217184301,0,0
1761,0.01221166758723417,0.01221166758723417,0,0
1762,0.01222302144025001,0.01222302144025001,0,0
1763,0.012210365895763527,0.012210365895763527,0,0
1764,0.012204672108252957,0.012204672108252957,0,0
1765,0.01221441452465555,0.01221441452465555,0,0
1766,0.012209366354214601,0.012209366354214601,0,0
1767,0.012200866613409004,0.012200866613409004,0,0
1768,0.012206582806069118,0.012206582806069118,0,0
1769,0.012206810667713584,0.012206810667713584,0,0
1770,0.012198877786915212,0.012198877786915212,0,0
1771,0.012200262123107538,0.012200262123107538,0,0
1772,0.01220297699198036,0.01220297699198036,0,0
1773,0.012197475842725278,0.012197475842725278,0,0
1774,0.01219564417462667,0.01219564417462667,0,0
1775,0.012198489024923771,0.012198489024923771,0,0
1776,0.01219580999001974,0.01219580999001974,0,0
1777,0.012192469781636567,0.012192469781636567,0,0
1778,0.012194017919835858,0.012194017919835858,0,0
1779,0.012193506615682371,0.012193506615682371,0,0
1780,0.012190187058530162,0.012190187058530162,0,0
1781,0.012190073422878213,0.012190073422878213,0,0
1782,0.012190588253988319,0.012190588253988319,0,0
1783,0.012188208953772582,0.012188208953772582,0,0
1784,0.012186852166627852,0.012186852166627852,0,0
1785,0.012187342375585976,0.012187342375585976,0,0
1786,0.012186100875176511,0.012186100875176511,0,0
1787,0.01218425171928085,0.01218425171928085,0,0
1788,0.012184130110581483,0.012184130110581483,0,0
1789,0.012183675421414608,0.012183675421414608,0,0
1790,0.0121820010350789,0.0121820010350789,0,0
1791,0.012181199426689455,0.012181199426689455,0,0
1792,0.012180987288024676,0.012180987288024676,0,0
1793,0.012179808743015275,0.012179808743015275,0,0
1794,0.012178612384243951,0.012178612384243951,0,0
1795,0.01217822036259502,0.01217822036259502,0,0
1796,0.012177491395949243,0.012177491395949243,0,0
1797,0.012176272025844571,0.012176272025844571,0,0
1798,0.012175552216244062,0.012175552216244062,0,0
1799,0.012175021733250635,0.012175021733250635,0,0
1800,0.012174014683458637,0.012174014683458637,0,0
1801,0.012173064585272599,0.012173064585272599,0,0
1802,0.012172484483178356,0.012172484483178356,0,0
1803,0.012171713438974349,0.012171713438974349,0,0
1804,0.01217072723446895,0.01217072723446895,0,0
1805,0.01216998886156973,0.01216998886156973,0,0
1806,0.012169332910655651,0.012169332910655651,0,0
1807,0.012168450236793135,0.012168450236793135,0,0
1808,0.012167593789200145,0.012167593789200145,0,0
1809,0.012166916316649002,0.012166916316649002,0,0
1810,0.012166156435555747,0.012166156435555747,0,0
1811,0.012165286706729164,0.012165286706729164,0,0
1812,0.012164528590913283,0.012164528590913283,0,0
1813,0.012163824237347088,0.012163824237347088,0,0
1814,0.012163015260130153,0.012163015260130153,0,0
1815,0.012162203317637066,0.012162203317637066,0,0
1816,0.012161481187257009,0.012161481187257009,0,0
1817,0.012160735815040572,0.012160735815040572,0,0
1818,0.012159929199821078,0.012159929199821078,0,0
1819,0.012159165140518706,0.012159165140518706,0,0
1820,0.012158440921275795,0.012158440921275795,0,0
1821,0.012157673620895492,0.012157673620895492,0,0
1822,0.012156890844036464,0.012156890844036464,0,0
1823,0.01215615107636117,0.01215615107636117,0,0
1824,0.012155414776027001,0.012155414776027001,0,0
1825,0.012154646004531543,0.012154646004531543,0,0
1826,0.012153886992920174,0.012153886992920174,0,0
1827,0.012153154825173623,0.012153154825173623,0,0
1828,0.012152410742619163,0.012152410742619163,0,0
1829,0.012151651283673846,0.012151651283673846,0,0
1830,0.012150908547171,0.012150908547171,0,0
1831,0.012150177134212013,0.012150177134212013,0,0
1832,0.012149432418827053,0.012149432418827053,0,0
1833,0.012148684746768133,0.012148684746768133,0,0
1834,0.012147951500553358,0.012147951500553358,0,0
1835,0.012147220250932794,0.012147220250932794,0,0
1836,0.0121464797663277,0.0121464797663277,0,0
1837,0.012145742531518245,0.012145742531518245,0,0
1838,0.012145014890927704,0.012145014890927704,0,0
1839,0.01214428543041873,0.01214428543041873,0,0
1840,0.012143551321613051,0.012143551321613051,0,0
1841,0.012142822313690372,0.012142822313690372,0,0
1842,0.012142098796117417,0.012142098796117417,0,0
1843,0.012141372816812962,0.012141372816812962,0,0
1844,0.012140645468266088,0.012140645468266088,0,0
1845,0.012139922954566623,0.012139922954566623,0,0
1846,0.01213920334380038,0.01213920334380038,0,0
1847,0.012138481912079273,0.012138481912079273,0,0
1848,0.012137760955301445,0.012137760955301445,0,0
1849,0.012137043909703198,0.012137043909703198,0,0
1850,0.01213632841515175,0.01213632841515175,0,0
1851,0.012135612018409282,0.012135612018409282,0,0
1852,0.012134896918543076,0.012134896918543076,0,0
1853,0.012134184815412586,0.012134184815412586,0,0
1854,0.012133473706983937,0.012133473706983937,0,0
1855,0.012132762440500143,0.012132762440500143,0,0
1856,0.012132052744196157,0.012132052744196157,0,0
1857,0.012131345351382154,0.012131345351382154,0,0
1858,0.012130638789851217,0.012130638789851217,0,0
1859,0.012129932585191891,0.012129932585191891,0,0
1860,0.01212922795240457,0.01212922795240457,0,0
1861,0.012128525165879409,0.012128525165879409,0,0
1862,0.012127823213903915,0.012127823213903915,0,0
1863,0.012127121929613344,0.012127121929613344,0,0
1864,0.012126422126639334,0.012126422126639334,0,0
1865,0.012125723883591101,0.012125723883591101,0,0
1866,0.012125026528158615,0.012125026528158615,0,0
1867,0.012124330014854297,0.012124330014854297,0,0
1868,0.012123634874043604,0.012123634874043604,0,0
1869,0.01212294111575839,0.01212294111575839,0,0
1870,0.012122248301373482,0.012122248301373482,0,0
1871,0.012121556418140986,0.012121556418140986,0,0
1872,0.012120865809432509,0.012120865809432509,0,0
1873,0.012120176472282997,0.012120176472282997,0,0
1874,0.012119488118790982,0.012119488118790982,0,0
1875,0.012118800739123808,0.012118800739123808,0,0
1876,0.012118114553601282,0.012118114553601282,0,0
1877,0.012117429564058311,0.012117429564058311,0,0
1878,0.012116745582834,0.012116745582834,0,0
1879,0.012116062591190652,0.012116062591190652,0,0
1880,0.012115380729989338,0.012115380729989338,0,0
1881,0.01211470000978704,0.01211470000978704,0,0
1882,0.012114020307321158,0.012114020307321158,0,0
1883,0.012113341597460803,0.012113341597460803,0,0
1884,0.012112663967051851,0.012112663967051851,0,0
1885,0.012111987432864759,0.012111987432864759,0,0
1886,0.012111311916102993,0.012111311916102993,0,0
1887,0.012110637386789549,0.012110637386789549,0,0
1888,0.012109963896230742,0.012109963896230742,0,0
1889,0.01210929146330606,0.01210929146330606,0,0
1890,0.012108620039228206,0.012108620039228206,0,0
1891,0.012107949593823485,0.012107949593823485,0,0
1892,0.012107280153353203,0.012107280153353203,0,0
1893,0.012106611735905054,0.012106611735905054,0,0
1894,0.012105944313053642,0.012105944313053642,0,0
1895,0.012105277857238033,0.012105277857238033,0,0
1896,0.012104612378118053,0.012104612378118053,0,0
1897,0.012103947890079875,0.012103947890079875,0,0
1898,0.0121032843783571,0.0121032843783571,0,0
1899,0.012102621819846638,0.012102621819846638,0,0
1900,0.012101960213672611,0.012101960213672611,0,0
1901,0.01210129956915536,0.01210129956915536,0,0
1902,0.012100639879757628,0.012100639879757628,0,0
1903,0.012099981127928391,0.012099981127928391,0,0
1904,0.012099323306647352,0.012099323306647352,0,0
1905,0.012098666419983263,0.012098666419983263,0,0
1906,0.012098010465615453,0.012098010465615453,0,0
1907,0.012097355431116548,0.012097355431116548,0,0
1908,0.012096701307131075,0.012096701307131075,0,0
1909,0.012096048092888242,0.012096048092888242,0,0
1910,0.012095395787350931,0.012095395787350931,0,0
1911,0.01209474438240746,0.01209474438240746,0,0
1912,0.012094093868476416,0.012094093868476416,0,0
1913,0.012093444241492252,0.012093444241492252,0,0
1914,0.012092795499685399,0.012092795499685399,0,0
1915,0.012092147637711503,0.012092147637711503,0,0
1916,0.012091500647401119,0.012091500647401119,0,0
1917,0.012090854522561527,0.012090854522561527,0,0
1918,0.012090209260088334,0.012090209260088334,0,0
1919,0.012089564855924688,0.012089564855924688,0,0
1920,0.012088921303434403,0.012088921303434403,0,0
1921,0.01208827859601611,0.01208827859601611,0,0
1922,0.012087636728966691,0.012087636728966691,0,0
1923,0.012086995698434466,0.012086995698434466,0,0
1924,0.012086355499105425,0.012086355499105425,0,0
1925,0.012085716124608294,0.012085716124608294,0,0
1926,0.012085077569511576,0.012085077569511576,0,0
1927,0.01208443982932536,0.01208443982932536,0,0
1928,0.012083802899401988,0.012083802899401988,0,0
1929,0.012083166774143448,0.012083166774143448,0,0
1930,0.012082531447751043,0.012082531447751043,0,0
1931,0.012081896915278778,0.012081896915278778,0,0
1932,0.012081263172044693,0.012081263172044693,0,0
1933,0.012080630213006425,0.012080630213006425,0,0
1934,0.012079998032688324,0.012079998032688324,0,0
1935,0.01207936662570027,0.01207936662570027,0,0
1936,0.012078735987216163,0.012078735987216163,0,0
1937,0.012078106112369367,0.012078106112369367,0,0
1938,0.012077476996006102,0.012077476996006102,0,0
1939,0.012076848632852508,0.012076848632852508,0,0
1940,0.012076221017742432,0.012076221017742432,0,0
1941,0.012075594145839075,0.012075594145839075,0,0
1942,0.01207496801219481,0.01207496801219481,0,0
1943,0.012074342611683574,0.012074342611683574,0,0
1944,0.012073717939188613,0.012073717939188613,0,0
1945,0.012073093989659379,0.012073093989659379,0,0
1946,0.012072470758241674,0.012072470758241674,0,0
1947,0.012071848239977317,0.012071848239977317,0,0
1948,0.012071226429809498,0.012071226429809498,0,0
1949,0.012070605322734913,0.012070605322734913,0,0
1950,0.012069984913771818,0.012069984913771818,0,0
1951,0.012069365198065835,0.012069365198065835,0,0
1952,0.012068746170689622,0.012068746170689622,0,0
1953,0.012068127826661475,0.012068127826661475,0,0
1954,0.01206751016105754,0.01206751016105754,0,0
1955,0.012066893168952715,0.012066893168952715,0,0
1956,0.012066276845514014,0.012066276845514014,0,0
1957,0.012065661185859156,0.012065661185859156,0,0
1958,0.012065046185079562,0.012065046185079562,0,0
1959,0.01206443183831641,0.01206443183831641,0,0
1960,0.012063818140696752,0.012063818140696752,0,0
1961,0.01206320508742228,0.01206320508742228,0,0
1962,0.012062592673662725,0.012062592673662725,0,0
1963,0.012061980894577032,0.012061980894577032,0,0
1964,0.01206136974536414,0.01206136974536414,0,0
1965,0.012060759221206052,0.012060759221206052,0,0
1966,0.01206014931734694,0.01206014931734694,0,0
1967,0.012059540029009221,0.012059540029009221,0,0
1968,0.012058931351417319,0.012058931351417319,0,0
1969,0.012058323279825185,0.012058323279825185,0,0
1970,0.012057715809471051,0.012057715809471051,0,0
1971,0.012057108935647605,0.012057108935647605,0,0
1972,0.0120565026536312,0.0120565026536312,0,0
1973,0.012055896958709336,0.012055896958709336,0,0
1974,0.012055291846191134,0.012055291846191134,0,0
1975,0.012054687311373663,0.012054687311373663,0,0
1976,0.012054083349600562,0.012054083349600562,0,0
1977,0.012053479956202854,0.012053479956202854,0,0
1978,0.012052877126530857,0.012052877126530857,0,0
1979,0.012052274855948323,0.012052274855948323,0,0
1980,0.012051673139813677,0.012051673139813677,0,0
1981,0.01205107197352391,0.01205107197352391,0,0
1982,0.012050471352466051,0.012050471352466051,0,0
1983,0.012049871272051815,0.012049871272051815,0,0
1984,0.012049271727701276,0.012049271727701276,0,0
1985,0.012048672714835406,0.012048672714835406,0,0
1986,0.012048074228906165,0.012048074228906165,0,0
1987,0.012047476265358993,0.012047476265358993,0,0
1988,0.012046878819666741,0.012046878819666741,0,0
1989,0.0120462818873061,0.0120462818873061,0,0
1990,0.012045685463762359,0.012045685463762359,0,0
1991,0.012045089544543988,0.012045089544543988,0,0
1992,0.012044494125156856,0.012044494125156856,0,0
1993,0.012043899201134538,0.012043899201134538,0,0
1994,0.012043304768012107,0.012043304768012107,0,0
1995,0.01204271082133962,0.01204271082133962,0,0
1996,0.012042117356683405,0.012042117356683405,0,0
1997,0.012041524369612366,0.012041524369612366,0,0
1998,0.012040931855720506,0.012040931855720506,0,0
1999,0.012040339810603175,0.012040339810603175,0,0
2000,0.012039748229875332,0.012039748229875332,0,0
