data,geracao_real_mwmed,persistencia_mwmed,mlp_absoluto_hidro_longo_mwmed,mlp_anomalia_mensal_hidro_longo_mwmed,ridge_residual_hidro_longo_mwmed,rf_residual_hidro_longo_mwmed,mlp_residual_hidro_longo_mwmed
2023-01-01,6760.0018,7111.5928,8538.7873,8606.3827,7162.3152,7143.8382,7159.7208
2023-01-02,7105.1859,6760.0018,8500.2460,8537.0752,6882.9674,6773.9419,6897.1661
2023-01-03,7379.9692,7105.1859,8621.0372,8709.6670,7242.7424,7154.8181,7255.8918
2023-01-04,7292.2336,7379.9692,8837.0697,9013.4683,7457.5223,7403.3235,7470.4753
2023-01-05,7197.7195,7292.2336,8843.1642,9002.9296,7344.6299,7263.1834,7358.0954
2023-01-06,7182.5952,7197.7195,8749.0895,8878.5726,7257.3669,7197.7253,7275.7060
2023-01-07,6579.3067,7182.5952,9100.5916,9513.0762,7138.5763,7196.8528,7150.2164
2023-01-08,6451.8425,6579.3067,9213.8065,9507.3111,6574.3096,6493.1295,6569.6524
2023-01-09,7679.5542,6451.8425,8878.1005,8854.1548,6641.2648,6857.9745,6644.6770
2023-01-10,8492.5959,7679.5542,8991.8367,9120.1704,7948.7819,8034.9273,7962.6741
2023-01-11,9316.2531,8492.5959,9750.5965,10295.6992,8692.4377,8535.0517,8685.3976
2023-01-12,9643.5139,9316.2531,10137.0657,10532.1629,9373.2223,9167.4854,9333.2152
2023-01-13,9227.6545,9643.5139,10251.6547,10383.2828,9489.8516,9468.9197,9464.3374
2023-01-14,8429.0840,9227.6545,10548.1822,10746.5888,8905.2101,9092.2547,8914.2820
2023-01-15,7416.0432,8429.0840,9827.1360,9770.2138,8511.7298,8412.1389,8472.3933
2023-01-16,8826.4835,7416.0432,9559.6676,9308.6141,7879.4758,7763.0671,7788.3198
2023-01-17,9247.3110,8826.4835,9975.9649,9752.4051,9362.9815,9295.3750,9262.9970
2023-01-18,9497.5718,9247.3110,10867.1783,10852.9542,9409.1651,9291.3301,9373.8833
2023-01-19,9659.1881,9497.5718,10320.2563,9970.6296,9573.6327,9424.7256,9547.9399
2023-01-20,9373.0630,9659.1881,10714.2254,10429.7798,9230.2680,9478.7878,9324.0901
2023-01-21,9280.9149,9373.0630,10982.0292,10460.3562,8845.0979,9094.1955,8972.1955
2023-01-22,7983.5209,9280.9149,10887.0358,10048.0139,8921.9762,8973.5758,9052.1670
2023-01-23,8942.0415,7983.5209,11005.8483,10063.5691,7834.3138,7713.5909,7948.6759
2023-01-24,9625.4896,8942.0415,11085.0629,10414.2265,8751.1110,8711.8708,8856.7878
2023-01-25,9899.2051,9625.4896,11279.5656,10639.8239,9616.0890,9456.0476,9684.8495
2023-01-26,10074.8433,9899.2051,11202.5584,10738.5440,9957.4030,9815.0483,9997.4640
2023-01-27,9649.6287,10074.8433,11361.8281,11075.8305,9998.4532,9934.4130,10042.4879
2023-01-28,8897.9009,9649.6287,11102.2167,10888.5820,9630.0776,9591.2176,9696.9288
2023-01-29,7914.7246,8897.9009,10769.3619,10658.1948,8971.4406,8892.5952,9082.4921
2023-01-30,8708.2722,7914.7246,10615.7192,10578.5886,8060.3431,7875.0388,8185.1156
2023-01-31,9367.8266,8708.2722,10796.6356,10853.5541,8841.5184,8534.0517,8938.3645
2023-02-01,9924.8292,9367.8266,10858.8554,10964.3959,9576.3870,9503.7021,9660.1447
2023-02-02,10212.0061,9924.8292,10767.0853,11044.1066,10134.6079,9964.0678,10199.4805
2023-02-03,9787.1580,10212.0061,10862.1490,11213.0601,10444.2730,10538.1294,10500.3006
2023-02-04,8870.3276,9787.1580,11097.4291,11475.0828,9961.7314,9769.4673,9994.0428
2023-02-05,7903.6720,8870.3276,11045.4691,11408.4138,8979.3357,8802.2720,9011.4360
2023-02-06,10183.0135,7903.6720,11127.4000,11565.9344,7797.4838,7789.6089,7846.9333
2023-02-07,10515.0583,10183.0135,11068.0976,11455.4301,10010.2631,10118.9220,10058.3658
2023-02-08,10374.3640,10515.0583,10922.4062,11257.1567,10340.6233,10330.6092,10371.0472
2023-02-09,10289.2228,10374.3640,11027.2357,11502.9135,10235.8624,10121.6723,10225.2651
2023-02-10,9814.4699,10289.2228,11098.5817,11638.4054,10122.3801,10098.3934,10111.0851
2023-02-11,9338.1781,9814.4699,11096.7462,11667.6252,9720.7951,9646.0021,9698.2893
2023-02-12,8477.8317,9338.1781,11243.7466,11870.6551,9281.7027,9175.7008,9264.3388
2023-02-13,10141.8810,8477.8317,11173.8736,11791.1332,8458.5086,8400.0846,8455.4217
2023-02-14,10658.5365,10141.8810,11047.4263,11597.3160,10159.7452,10056.2269,10174.3625
2023-02-15,10371.0732,10658.5365,11259.0130,11754.1717,10507.9599,10548.8088,10553.7205
2023-02-16,10690.5134,10371.0732,11464.6770,11916.3038,10013.3124,10132.3176,10101.6338
2023-02-17,9738.6896,10690.5134,11415.7853,11788.3808,10249.9225,10477.5343,10351.3975
2023-02-18,9082.9371,9738.6896,11166.6967,11635.4671,9426.8608,9586.2562,9541.1178
2023-02-19,7970.7776,9082.9371,11441.3325,11939.9562,8893.8726,8920.5989,8987.1214
2023-02-20,9532.9337,7970.7776,11419.7074,11977.1524,8163.5462,8204.9273,8167.5275
2023-02-21,8724.1881,9532.9337,11672.3166,12205.7654,9776.1779,9514.2760,9772.1747
2023-02-22,10246.3060,8724.1881,11980.5010,12377.5386,8806.9310,8552.8085,8826.4752
2023-02-23,10038.3953,10246.3060,11801.7780,12225.6270,10248.0742,10210.8831,10287.8743
2023-02-24,9962.6525,10038.3953,11797.0082,12182.7254,9957.2819,9958.6271,10013.5344
2023-02-25,9294.4104,9962.6525,11731.6990,12108.0966,9884.8724,9894.2513,9922.0844
2023-02-26,8105.9430,9294.4104,11753.5101,12053.8747,9259.1828,9201.6738,9270.9862
2023-02-27,9494.1686,8105.9430,11948.9788,12036.0969,7928.1616,7973.7388,7947.2738
2023-02-28,10301.2859,9494.1686,11936.3193,11925.6350,9175.5515,9365.4331,9208.3374
2023-03-01,10720.0565,10301.2859,11892.3226,11705.8222,10022.2372,10254.4431,10054.5191
2023-03-02,10647.2709,10720.0565,12020.5440,11865.3740,10622.9054,10879.8740,10639.1360
2023-03-03,10471.4747,10647.2709,11780.9223,11791.8508,10981.6722,10837.1244,10962.8897
2023-03-04,9555.7612,10471.4747,11758.7873,11876.9330,11061.5211,10695.7049,10999.4488
2023-03-05,9410.9719,9555.7612,11811.9980,11950.8151,10062.9800,9645.6459,10009.2724
2023-03-06,10998.5310,9410.9719,11465.8346,11691.4961,9834.3106,9708.3725,9772.0055
2023-03-07,11130.8907,10998.5310,11555.8617,11789.6836,11332.1818,11332.2818,11295.3127
2023-03-08,11081.4015,11130.8907,11814.5847,11961.8448,11237.3303,11251.0550,11238.7637
2023-03-09,10676.8452,11081.4015,11836.1013,11958.2596,11099.2931,11053.8246,11122.6973
2023-03-10,10684.9766,10676.8452,11646.8136,11814.6393,10680.5228,10589.9955,10713.1475
2023-03-11,9446.0521,10684.9766,11607.7418,11841.6094,10573.3230,10724.7798,10625.6362
2023-03-12,8225.5315,9446.0521,11676.5631,12049.6120,9440.7905,9448.4902,9441.7027
2023-03-13,9579.0965,8225.5315,12348.3852,13033.5403,7986.5620,8032.5697,7924.1699
2023-03-14,10558.4850,9579.0965,12164.4213,12656.1579,9151.8282,9334.2117,9079.6853
2023-03-15,10533.1693,10558.4850,12111.4700,12549.9434,9873.5700,10261.0528,9836.0749
2023-03-16,10654.5120,10533.1693,11978.7875,12343.4262,9826.1033,10295.5009,9804.6880
2023-03-17,10806.6192,10654.5120,12028.9322,12310.6735,10033.1439,10415.4169,10015.9097
2023-03-18,10489.2726,10806.6192,11858.2741,12230.8666,10583.8930,10595.0000,10510.8817
2023-03-19,9262.7574,10489.2726,11686.3600,12082.7220,10382.6529,10414.1695,10361.8535
2023-03-20,9660.2735,9262.7574,11740.2464,12076.1707,9299.3500,9098.0973,9276.4559
2023-03-21,11132.8030,9660.2735,11760.4067,12004.8786,9735.3801,9494.8698,9702.7124
2023-03-22,11095.5130,11132.8030,11864.7123,11989.1826,11126.1041,10976.6053,11092.3231
2023-03-23,11077.7207,11095.5130,11759.7025,11856.5221,11004.8264,11133.5387,10997.2895
2023-03-24,10837.3159,11077.7207,11659.2628,11764.3740,11056.5879,11186.6838,11036.6168
2023-03-25,10686.3866,10837.3159,11652.3951,11724.5262,10963.6305,10965.3560,10921.9624
2023-03-26,9115.0820,10686.3866,11691.6440,11818.2963,11016.7261,10895.3537,10946.3173
2023-03-27,10500.0306,9115.0820,11958.8126,12099.2644,9575.1443,9269.0837,9483.1328
2023-03-28,10731.7757,10500.0306,12643.2300,12558.1516,10861.9793,10592.6428,10747.4988
2023-03-29,10481.6496,10731.7757,13198.2270,12914.6061,10811.2327,10755.4144,10679.8345
2023-03-30,10092.4507,10481.6496,13201.6760,12983.1312,10267.7425,10500.8305,10123.7983
2023-03-31,10171.4415,10092.4507,13049.6756,13000.2068,9621.5395,10095.7634,9497.8688
2023-04-01,9976.6985,10171.4415,11905.3822,11589.3181,9960.7369,10464.3851,9955.2381
2023-04-02,8791.4840,9976.6985,11696.7123,11712.3090,10067.1292,10578.1920,10039.4625
2023-04-03,10032.4947,8791.4840,11891.0846,12005.9417,9060.1556,9091.3496,8974.4665
2023-04-04,10184.0090,10032.4947,11817.2959,11984.5443,10293.6187,10261.6250,10187.9478
2023-04-05,9802.6443,10184.0090,11725.0586,11894.8627,10288.4243,10291.8443,10204.2882
2023-04-06,9659.4262,9802.6443,11618.7668,11632.3751,9685.7715,9957.9619,9637.7111
2023-04-07,9248.6335,9659.4262,11122.1554,10929.9835,9623.8041,9860.7854,9572.7110
2023-04-08,9800.2447,9248.6335,10536.8297,10148.3359,9332.4501,9460.3338,9289.2955
2023-04-09,9085.3032,9800.2447,10152.5462,9659.8929,9937.9574,9937.1285,9908.6638
2023-04-10,9900.4591,9085.3032,10026.7556,9449.1063,9251.4033,9231.8930,9213.4211
2023-04-11,9698.5415,9900.4591,10290.9361,9478.2520,9989.1829,10057.4546,9947.4064
2023-04-12,10154.8141,9698.5415,10371.4223,9417.4777,9718.2735,9900.1960,9662.8507
2023-04-13,10249.0793,10154.8141,10404.1128,9322.3094,10119.2934,10350.0015,10033.6063
2023-04-14,10193.5733,10249.0793,10299.4945,8998.9105,10186.6400,10371.9381,10114.4747
2023-04-15,9602.2778,10193.5733,11320.6655,10095.6221,9812.2641,10006.4768,9742.7749
2023-04-16,8806.2309,9602.2778,11759.9088,10643.7971,9031.5885,9274.3228,8978.2691
2023-04-17,9601.2739,8806.2309,11400.8931,10614.2736,8267.2193,8449.1154,8257.6630
2023-04-18,9947.5568,9601.2739,11459.5666,10889.4574,9292.4581,9293.4913,9281.1578
2023-04-19,9896.2551,9947.5568,11761.4391,11192.8097,9988.0949,9721.0056,9954.2273
2023-04-20,10115.9148,9896.2551,12451.1660,12115.5486,9970.8975,9681.3351,9933.9116
2023-04-21,8742.7625,10115.9148,13728.5686,13385.1156,9583.0938,9907.8652,9606.1438
2023-04-22,7902.1854,8742.7625,12996.9886,12692.8947,7775.5054,8595.9945,7881.3503
2023-04-23,7274.2742,7902.1854,11997.6465,11839.6216,7049.6219,8030.3384,7193.3098
2023-04-24,8921.9648,7274.2742,11083.7422,11243.0836,7268.2527,7469.8242,7309.5767
2023-04-25,9544.4918,8921.9648,11282.7795,11532.5400,9768.8434,9310.8608,9659.4493
2023-04-26,9486.6875,9544.4918,12276.4634,12326.7062,10763.6553,9917.1475,10670.5654
2023-04-27,9541.1883,9486.6875,13132.0727,12755.5936,10135.9226,9371.6288,10128.7834
2023-04-28,9551.8699,9541.1883,13403.2221,12629.4818,9418.0797,9407.4450,9425.2823
2023-04-29,9543.6145,9551.8699,13100.4287,12251.1966,8945.8033,9453.0383,8990.3821
2023-04-30,8574.1945,9543.6145,12436.3271,11852.0127,9064.0736,9443.9278,9165.9478
2023-05-01,8578.0202,8574.1945,11403.8069,11260.0055,8337.3625,8354.2416,8448.4688
2023-05-02,9743.1188,8578.0202,11333.0648,11099.7476,8475.9607,8268.5149,8581.6220
2023-05-03,10136.1440,9743.1188,11472.6019,11209.6684,9659.9761,9542.5446,9743.7964
2023-05-04,10056.3353,10136.1440,12018.5919,11857.2237,10140.5167,10208.5690,10170.5972
2023-05-05,9851.8547,10056.3353,12247.3458,12193.4524,10234.4862,10407.4887,10255.5075
2023-05-06,8949.6618,9851.8547,12479.8963,12604.4835,10162.4200,10271.3359,10140.2352
2023-05-07,8055.3505,8949.6618,12028.0587,12164.8763,9292.2823,9467.4451,9295.8368
2023-05-08,10090.1640,8055.3505,11660.0296,11766.0513,8248.1583,8295.9969,8301.2953
2023-05-09,9972.8949,10090.1640,11395.7549,11413.7042,10128.4844,10282.0802,10225.1962
2023-05-10,10077.3086,9972.8949,11245.3007,11239.6300,9905.2609,10065.7083,9984.6415
2023-05-11,10229.3034,10077.3086,11044.1789,10996.4485,10027.0977,10105.2355,10069.9785
2023-05-12,9845.7257,10229.3034,10859.0599,10737.9453,10172.5325,10262.3890,10191.1957
2023-05-13,9245.8998,9845.7257,10724.9741,10582.2378,9811.5705,9766.1211,9809.2968
2023-05-14,8326.5631,9245.8998,10775.4327,10400.3730,9227.6896,9203.0137,9180.6301
2023-05-15,9087.8407,8326.5631,10744.0350,10190.7495,8339.5441,8484.3809,8259.0868
2023-05-16,9617.6456,9087.8407,10626.2599,10118.3153,9128.6255,9227.9337,9036.5948
2023-05-17,9389.1747,9617.6456,10451.8912,9968.3532,9633.1072,9706.1528,9557.4765
2023-05-18,9452.3129,9389.1747,10060.3372,9555.0987,9397.1931,9425.2435,9352.1516
2023-05-19,9559.6188,9452.3129,9790.0649,9129.4473,9429.4862,9500.1218,9390.0952
2023-05-20,8860.8385,9559.6188,9655.8741,8638.2347,9484.6248,9579.4743,9427.2375
2023-05-21,8034.7958,8860.8385,9326.6557,8258.8506,8782.8776,8876.0260,8715.3811
2023-05-22,8880.5014,8034.7958,8992.2035,8124.0414,7952.6175,8042.1662,7888.3279
2023-05-23,9274.2588,8880.5014,8572.4482,8142.4150,8840.7754,8865.3333,8794.6471
2023-05-24,8636.5807,9274.2588,8303.7562,8168.0265,9261.4739,9234.2646,9231.0201
2023-05-25,8566.7448,8636.5807,8159.1543,8124.5038,8622.1548,8590.3101,8593.8127
2023-05-26,7932.4465,8566.7448,8090.6688,8030.7786,8526.2258,8500.7090,8492.2303
2023-05-27,7919.5876,7932.4465,7949.9769,7870.0547,7878.9420,7892.7760,7844.9294
2023-05-28,7529.8637,7919.5876,7847.4229,7769.5052,7884.4362,7878.2870,7854.0628
2023-05-29,8523.1855,7529.8637,7845.5957,7779.3388,7513.1421,7494.0346,7483.0124
2023-05-30,8687.5202,8523.1855,7901.2635,7827.8320,8530.0984,8476.3750,8497.0448
2023-05-31,9076.1518,8687.5202,7790.2001,7743.5444,8612.3641,8628.4655,8576.4031
2023-06-01,9375.4308,9076.1518,8538.5272,8205.5558,9018.3317,9001.6498,8972.6553
2023-06-02,8251.3986,9375.4308,8446.8269,8162.5105,9350.3105,9315.9484,9324.9747
2023-06-03,7375.1933,8251.3986,8351.0448,8170.3515,8257.7797,8215.9491,8259.2438
2023-06-04,6767.0278,7375.1933,8358.5301,8220.4187,7405.1636,7353.0412,7409.1276
2023-06-05,6828.9352,6767.0278,8413.8989,8311.4493,6824.8674,6767.4276,6815.8280
2023-06-06,7312.2042,6828.9352,8383.6012,8271.0238,6908.3674,6862.3249,6903.1904
2023-06-07,7606.9906,7312.2042,8572.4792,8549.5211,7333.8085,7284.3129,7327.8527
2023-06-08,7612.5324,7606.9906,8596.5994,8549.9326,7617.9383,7541.0678,7608.2266
2023-06-09,7698.6340,7612.5324,8489.5142,8402.2686,7628.9505,7683.1449,7620.5697
2023-06-10,7269.8084,7698.6340,8439.6475,8378.6885,7738.7809,7749.2447,7733.4715
2023-06-11,6561.4558,7269.8084,8464.4265,8441.1638,7302.9566,7226.2233,7297.9261
2023-06-12,7797.9859,6561.4558,8363.5617,8371.5937,6616.4667,6524.3429,6611.5135
2023-06-13,9146.4740,7797.9859,8444.4257,8458.0642,7788.1327,7748.9298,7787.3605
2023-06-14,10250.4423,9146.4740,8572.0852,8564.3998,9085.0110,9143.1479,9078.8975
2023-06-15,10595.8728,10250.4423,8593.4206,8595.5615,10131.8916,10163.8421,10119.9756
2023-06-16,10051.5325,10595.8728,8732.4717,8755.6827,10442.0131,10524.0381,10413.7617
2023-06-17,9339.8156,10051.5325,9254.8705,9358.5875,9804.1936,9911.2092,9767.4261
2023-06-18,8565.2645,9339.8156,8985.9304,8735.8484,9322.3278,9707.8625,9303.7159
2023-06-19,9378.4144,8565.2645,9421.3393,9311.5267,8628.7705,8528.4276,8615.9557
2023-06-20,9769.3962,9378.4144,9514.7881,9282.2560,9651.4455,9806.9628,9644.3278
2023-06-21,10127.9007,9769.3962,9927.4718,9916.4576,9976.7856,9766.3888,9960.8933
2023-06-22,10307.7809,10127.9007,10045.5972,10014.3192,10274.2574,10194.3682,10274.1452
2023-06-23,9972.0869,10307.7809,10266.2213,10232.4252,10192.3675,10299.8375,10223.6076
2023-06-24,9017.6478,9972.0869,9846.9560,9784.8484,9926.9496,10019.3118,9967.1330
2023-06-25,7893.6505,9017.6478,9725.2371,9652.3605,8968.6293,9170.8412,9014.1441
2023-06-26,9598.5186,7893.6505,9383.2117,9298.8133,8010.6899,8330.2944,8043.7810
2023-06-27,9922.7914,9598.5186,9459.7863,9457.7678,9708.5507,9601.3796,9738.4523
2023-06-28,10049.8912,9922.7914,9537.6382,9613.5973,9981.2572,9906.3358,9997.0987
2023-06-29,9633.1235,10049.8912,9443.6053,9465.5306,10043.6184,10048.2090,10048.5650
2023-06-30,9146.6300,9633.1235,9353.9336,9389.3268,9568.1976,9637.3165,9551.8196
2023-07-01,8448.3524,9146.6300,10033.5209,10017.6032,9112.8613,9111.9367,9096.7532
2023-07-02,8059.9547,8448.3524,9756.3455,9674.5260,8495.9685,8493.2705,8480.3913
2023-07-03,9008.0907,8059.9547,9603.5939,9507.5505,8138.0089,8037.0076,8138.5419
2023-07-04,8734.8087,9008.0907,9604.2958,9524.0964,9053.6952,8942.2021,9054.9218
2023-07-05,9081.7933,8734.8087,9495.8610,9405.9876,8769.4055,8716.0663,8771.7657
2023-07-06,8770.6513,9081.7933,9381.5643,9272.4896,9099.3321,9081.3092,9089.4992
2023-07-07,8139.8517,8770.6513,9304.4058,9171.8469,8753.1545,8792.7288,8738.6749
2023-07-08,7418.3966,8139.8517,9405.3868,9372.7683,8050.2796,8132.1228,8017.3860
2023-07-09,7264.5394,7418.3966,9286.6116,9045.3379,7349.8901,7368.0817,7331.2045
2023-07-10,7978.4764,7264.5394,9032.2362,8635.0206,7293.2603,7749.3940,7301.9012
2023-07-11,9159.7456,7978.4764,9159.0411,8917.5093,8096.5132,8063.5102,8093.8973
2023-07-12,9079.4974,9159.7456,9335.2644,9105.4362,9356.3409,9210.4839,9344.1415
2023-07-13,8917.1710,9079.4974,9345.6001,9079.9331,9252.2455,9135.2399,9238.8889
2023-07-14,8328.6906,8917.1710,9494.2664,9248.0867,8960.1488,8949.3625,8940.2163
2023-07-15,7409.7837,8328.6906,9497.2071,9303.5152,8270.1287,8275.3274,8237.8188
2023-07-16,6666.4785,7409.7837,9146.4938,8886.0285,7386.4977,7330.7548,7344.4124
2023-07-17,7808.0572,6666.4785,9093.0901,8807.6115,6684.9480,6692.0928,6674.3294
2023-07-18,8692.9214,7808.0572,9125.2098,8911.6735,7831.5000,7799.7993,7818.7270
2023-07-19,8750.7004,8692.9214,9124.9527,8980.0401,8742.5569,8698.5585,8734.8600
2023-07-20,8535.5447,8750.7004,9057.0187,8931.5550,8793.6427,8741.1954,8778.6369
2023-07-21,8111.7460,8535.5447,9095.1836,9011.6052,8513.6755,8520.0408,8489.6386
2023-07-22,7306.8548,8111.7460,8978.3162,8896.7402,8069.0666,8084.8299,8040.5387
2023-07-23,6929.5493,7306.8548,8758.9705,8626.7653,7301.6360,7285.8213,7284.0376
2023-07-24,8259.3049,6929.5493,8682.1244,8544.2711,6949.9582,6926.0394,6940.0197
2023-07-25,9077.1912,8259.3049,8666.9948,8538.8242,8284.7861,8267.6256,8286.7742
2023-07-26,9277.4781,9077.1912,8672.8077,8564.0294,9081.1250,9071.1648,9085.7267
2023-07-27,9247.0188,9277.4781,8587.8107,8451.0260,9274.4320,9285.0723,9277.5135
2023-07-28,8706.2432,9247.0188,8579.2002,8458.6733,9228.5571,9233.2943,9227.7540
2023-07-29,7990.1348,8706.2432,8554.4526,8428.4652,8691.5909,8682.9547,8692.7655
2023-07-30,7316.2437,7990.1348,8470.7370,8294.9182,8012.3734,8033.0253,8020.0840
2023-07-31,8136.5352,7316.2437,8437.3130,8272.1650,7367.9759,7359.0841,7381.1816
2023-08-01,8995.1267,8136.5352,9150.8240,9110.3425,8199.2001,8132.0659,8206.7412
2023-08-02,9308.8842,8995.1267,9158.3018,9187.0150,9026.7138,8973.9988,9025.1978
2023-08-03,9276.8670,9308.8842,9106.7920,9117.7941,9312.6783,9287.0686,9310.8383
2023-08-04,8818.3068,9276.8670,9073.7174,9076.7662,9245.8396,9248.2097,9243.3301
2023-08-05,8093.2046,8818.3068,8952.3566,8913.3821,8818.6918,8845.2952,8817.1052
2023-08-06,7419.8459,8093.2046,8815.7672,8873.3868,8094.4805,8044.8568,8074.6310
2023-08-07,8292.3129,7419.8459,8735.6424,8793.2503,7468.8711,7430.7815,7450.9713
2023-08-08,9100.1469,8292.3129,8839.7017,8889.5151,8349.7745,8321.9702,8345.5317
2023-08-09,8536.5682,9100.1469,8894.8701,9016.2794,9124.1219,9084.4367,9114.2446
2023-08-10,8896.3744,8536.5682,8915.9202,9040.6233,8516.0222,8495.8407,8500.8802
2023-08-11,8890.9604,8896.3744,8916.5947,8988.3085,8863.0567,8833.2560,8849.4182
2023-08-12,7975.0143,8890.9604,8993.2124,9019.8709,8847.2552,8816.8365,8841.8233
2023-08-13,7199.9588,7975.0143,8974.0984,8990.1432,7945.2098,7902.8500,7939.4234
2023-08-14,7766.1022,7199.9588,9007.3076,8958.0706,7276.2246,7159.3580,7280.1274
2023-08-15,8538.3904,7766.1022,9125.1999,9037.1210,7896.2593,8035.8578,7924.4866
2023-08-16,8810.2248,8538.3904,9422.7078,9548.2391,8563.5907,8484.9424,8563.7648
2023-08-17,9458.2725,8810.2248,9340.8602,9384.6129,8840.1196,8796.9355,8842.5122
2023-08-18,8842.0310,9458.2725,9307.6216,9320.3113,9433.2605,9490.1799,9451.5339
2023-08-19,8759.5389,8842.0310,9265.9232,9306.2513,8812.4009,8862.9263,8841.2743
2023-08-20,8519.0176,8759.5389,9169.0572,9205.7498,8785.5899,8804.6458,8811.7678
2023-08-21,9463.7405,8519.0176,9047.6184,9069.2059,8637.0332,8575.1301,8656.9392
2023-08-22,10279.1832,9463.7405,9126.7718,9208.3530,9505.5501,9483.8208,9525.6618
2023-08-23,10919.4676,10279.1832,9216.9648,9435.0041,10234.2669,10220.3045,10221.3542
2023-08-24,10693.4720,10919.4676,9090.2294,9228.4019,10857.9066,10799.7562,10850.8838
2023-08-25,9749.3350,10693.4720,9239.8636,9352.9558,10523.7168,10613.3849,10509.9230
2023-08-26,8741.0710,9749.3350,9235.3508,9308.4065,9608.4982,9640.5823,9591.6144
2023-08-27,8347.7077,8741.0710,9142.4071,9158.5135,8717.8122,8593.6099,8718.1295
2023-08-28,9439.5938,8347.7077,9063.3295,9070.7582,8528.8226,8545.3119,8564.4731
2023-08-29,9580.4986,9439.5938,9390.1126,9604.5135,9568.4832,9483.9607,9592.4699
2023-08-30,9692.2905,9580.4986,9445.7663,9722.9427,9676.4646,9539.6642,9686.3296
2023-08-31,9924.0950,9692.2905,9305.5516,9497.8688,9718.4593,9783.5364,9755.5856
2023-09-01,9525.6077,9924.0950,9818.1396,9675.6454,9852.7994,9949.1897,9886.0269
2023-09-02,8712.9169,9525.6077,9650.7802,9533.4142,9542.2723,9569.4495,9572.5725
2023-09-03,8418.8549,8712.9169,9535.8575,9360.3776,8813.7095,8703.1051,8848.4330
2023-09-04,9232.3929,8418.8549,9508.5826,9338.6277,8551.5494,8621.7265,8590.9715
2023-09-05,9139.4803,9232.3929,9647.1653,9547.4982,9332.0159,9291.9593,9368.6559
2023-09-06,8729.2493,9139.4803,9777.1425,9765.0412,9188.6593,9097.8235,9199.3325
2023-09-07,8448.8955,8729.2493,9751.5179,9612.2799,8752.5928,8756.1188,8760.5193
2023-09-08,8638.5022,8448.8955,9775.1907,9529.7402,8487.1681,8707.8373,8493.2232
2023-09-09,8491.2195,8638.5022,9801.0871,9583.7108,8701.8118,8720.8835,8707.3472
2023-09-10,7897.6536,8491.2195,9880.7085,9761.6315,8552.8918,8513.8128,8547.9630
2023-09-11,8995.7866,7897.6536,9822.3714,9565.7071,8016.6339,7982.6494,8024.2248
2023-09-12,9005.5257,8995.7866,10127.4422,9831.5796,8983.5605,9105.3154,8999.2351
2023-09-13,9309.2525,9005.5257,10261.9609,10055.9824,8925.8482,8969.0191,8920.0145
2023-09-14,9617.6961,9309.2525,10020.6577,9804.0735,9247.5001,9191.8792,9216.2714
2023-09-15,8748.7813,9617.6961,9996.4815,9703.6125,9560.8525,9491.6064,9549.0634
2023-09-16,8464.2140,8748.7813,10002.2955,9694.4885,8693.5616,8729.7021,8701.9958
2023-09-17,8484.7112,8464.2140,9907.5072,9655.3960,8499.5303,8365.9455,8497.4119
2023-09-18,9692.6403,8484.7112,9784.4561,9582.2233,8618.1839,8531.6256,8615.2207
2023-09-19,9405.5680,9692.6403,9882.8361,9769.8146,9751.6355,9697.9848,9748.1135
2023-09-20,10056.8390,9405.5680,9921.3830,9897.2609,9327.1102,9381.6234,9307.4798
2023-09-21,10549.3590,10056.8390,9553.9781,9510.0149,9916.8531,9925.4432,9900.8324
2023-09-22,10563.0468,10549.3590,9420.8153,9306.3424,10398.5701,10409.6016,10389.8401
2023-09-23,10253.4112,10563.0468,9319.3882,9291.1672,10446.8011,10343.7657,10420.1512
2023-09-24,10279.0205,10253.4112,9167.0327,9171.0985,10282.1436,10074.2474,10269.8005
2023-09-25,11368.2921,10279.0205,9152.2363,9172.0973,10442.5506,10416.1910,10452.6052
2023-09-26,11152.5340,11368.2921,9455.3629,9537.8289,11464.3487,11460.0176,11474.4047
2023-09-27,10920.4279,11152.5340,9522.5413,9649.6160,11100.8820,11168.9775,11078.8282
2023-09-28,10876.3295,10920.4279,9325.3060,9422.2575,10781.4381,10861.2710,10753.0930
2023-09-29,10240.0375,10876.3295,9256.2395,9223.3250,10722.4070,10773.7000,10721.7537
2023-09-30,9411.8071,10240.0375,9138.2865,9115.0227,10170.9886,10124.8331,10167.9215
2023-10-01,9889.5329,9411.8071,9636.6186,9721.0555,9478.4903,9287.8848,9471.6318
2023-10-02,10688.2269,9889.5329,9613.1679,9713.8335,10024.2111,9891.1581,10021.7105
2023-10-03,10483.8057,10688.2269,9674.7510,9813.3370,10839.0357,11069.2750,10851.1689
2023-10-04,9760.1975,10483.8057,9998.9793,10144.0426,10412.3159,10566.3942,10385.2590
2023-10-05,9005.3855,9760.1975,9798.7238,9981.2158,9639.8999,9723.3442,9589.4530
2023-10-06,9516.5113,9005.3855,9866.2146,9884.4136,8806.8616,8932.2009,8781.8434
2023-10-07,8655.0721,9516.5113,10002.0237,10010.8460,9390.8023,9494.8587,9386.7434
2023-10-08,8147.9343,8655.0721,9971.9985,9927.7605,8671.9511,8631.4641,8710.0648
2023-10-09,9053.1845,8147.9343,9934.2380,9944.8169,8394.1314,8148.0409,8422.9839
2023-10-10,9429.8880,9053.1845,10446.2693,10541.1422,9303.0002,9168.7062,9351.3993
2023-10-11,9215.9057,9429.8880,10919.7874,11136.4969,9602.7670,9547.7320,9648.8565
2023-10-12,8780.1110,9215.9057,10979.6535,11093.2581,9383.1061,9244.6526,9450.8759
2023-10-13,8946.4862,8780.1110,11203.2655,11075.5188,8869.3373,8811.4125,8946.8637
2023-10-14,8299.4213,8946.4862,11120.0708,10974.2321,9118.9164,9281.1263,9181.9296
2023-10-15,8461.8850,8299.4213,11163.8862,11178.6757,8460.5933,8452.2677,8517.4964
2023-10-16,9140.3154,8461.8850,10947.7630,10894.6526,8662.8166,8918.7025,8753.2505
2023-10-17,9739.9108,9140.3154,11221.2061,11216.0073,9131.3751,9217.6712,9215.1302
2023-10-18,9771.4786,9739.9108,11215.8317,11334.2381,9645.2512,9695.6616,9680.8820
2023-10-19,9711.3169,9771.4786,10859.0792,10935.4807,9673.4661,9697.6269,9669.9595
2023-10-20,9084.1485,9711.3169,10780.2940,10866.1999,9634.8407,9584.8241,9604.1449
2023-10-21,8552.4896,9084.1485,10765.3274,10792.2652,9011.4764,8960.3476,8973.8761
2023-10-22,8651.1669,8552.4896,10509.2607,10486.4148,8650.8112,8905.6596,8621.3684
2023-10-23,9811.9448,8651.1669,10593.8430,10653.1159,8811.8605,8706.1871,8800.7502
2023-10-24,9716.3193,9811.9448,10854.2901,10993.3854,9906.0924,9742.5967,9896.1887
2023-10-25,9454.2350,9716.3193,10959.3839,11167.6864,9661.5516,9611.9597,9641.4732
2023-10-26,9793.2870,9454.2350,10750.6995,10860.6841,9292.8844,9293.7576,9270.0780
2023-10-27,9415.3692,9793.2870,10507.7329,10569.1825,9554.3999,9625.6125,9552.2836
2023-10-28,8819.2472,9415.3692,10526.9825,10688.4845,9212.0026,9258.0938,9167.8402
2023-10-29,9538.4202,8819.2472,10406.2722,10455.4515,8835.7997,8688.1573,8823.4336
2023-10-30,9550.3319,9538.4202,10575.7256,10566.6235,9657.9628,9428.5416,9678.9120
2023-10-31,10069.4823,9550.3319,11118.3991,11124.4635,9770.7398,9600.7514,9784.8727
2023-11-01,10833.2521,10069.4823,11282.3545,11378.9054,10419.5150,10107.9581,10465.9764
2023-11-02,10647.8103,10833.2521,11490.2990,11639.6693,11115.6584,10842.4549,11136.4627
2023-11-03,10619.2921,10647.8103,11511.6912,11769.1832,10606.7274,10552.0208,10573.3015
2023-11-04,10300.0680,10619.2921,11609.0301,12020.7192,10376.1657,10455.1914,10293.6462
2023-11-05,9529.6312,10300.0680,11512.6534,11898.3795,10132.1743,10166.7084,10136.1370
2023-11-06,10525.3861,9529.6312,11181.4143,11501.5456,9525.1045,9374.6568,9645.4939
2023-11-07,10446.6880,10525.3861,11230.4841,11808.9812,10496.9595,10513.3774,10563.1385
2023-11-08,11219.6066,10446.6880,11608.8427,12288.3514,10500.5647,10327.6027,10408.2837
2023-11-09,11486.8476,11219.6066,11520.2384,12197.7591,11383.2298,11059.0095,11300.1202
2023-11-10,11017.9663,11486.8476,11729.2534,12442.8059,11424.9831,11575.9228,11433.2034
2023-11-11,11509.3594,11017.9663,11843.1595,12561.7445,10821.8480,10950.1369,10813.5617
2023-11-12,11193.0384,11509.3594,11552.1753,12307.9983,11392.6062,11416.6733,11319.2109
2023-11-13,11636.1300,11193.0384,11261.8895,12043.5902,11149.0612,11068.0341,11080.8090
2023-11-14,11485.9677,11636.1300,11456.2666,12290.9093,11375.1654,11478.7376,11300.5401
2023-11-15,10765.9444,11485.9677,11033.6254,11892.3927,11292.3405,11288.1600,11213.5821
2023-11-16,11702.4130,10765.9444,10874.9301,11835.6962,10685.0376,10673.7765,10640.1447
2023-11-17,11685.2008,11702.4130,11499.3021,12361.4701,11623.1198,11469.7184,11525.9266
2023-11-18,10910.3668,11685.2008,11599.3571,12360.8014,11660.9577,11524.1586,11548.4559
2023-11-19,11156.8472,10910.3668,11567.4037,12365.4560,10904.5406,10666.3087,10814.3821
2023-11-20,11911.0017,11156.8472,11516.5780,12246.6127,11132.6482,11120.5153,11108.2766
2023-11-21,11525.3198,11911.0017,11736.6159,12276.7049,11922.9728,11909.2751,11904.6723
2023-11-22,12302.3713,11525.3198,11957.0917,12251.0427,11574.6002,11375.5340,11517.4767
2023-11-23,11703.9340,12302.3713,11849.4759,11970.1369,12300.7743,12150.9922,12241.2855
2023-11-24,11395.4138,11703.9340,11881.3882,11881.2392,11679.0272,11477.9139,11621.5205
2023-11-25,10335.3677,11395.4138,12106.7417,11956.2229,11363.6521,11196.2513,11326.2822
2023-11-26,9433.5195,10335.3677,11990.6796,11770.4078,10362.8237,10116.9011,10333.1600
2023-11-27,10083.0215,9433.5195,11955.8795,11642.8340,9689.0520,10068.7335,9661.3066
2023-11-28,10914.3100,10083.0215,12431.4625,12063.8933,10341.2858,10180.0765,10328.0052
2023-11-29,11455.9255,10914.3100,12825.2136,12455.7923,11059.0678,10916.2945,11024.9647
2023-11-30,11883.1192,11455.9255,12881.1893,12356.6419,11508.2796,11499.2223,11498.3425
2023-12-01,12052.3554,11883.1192,11818.4982,10920.1017,11760.6732,11732.1969,11791.2869
2023-12-02,12005.6194,12052.3554,11796.0368,10985.5882,11945.9279,11889.6859,11976.9831
2023-12-03,11063.6011,12005.6194,11228.0452,10623.5795,11959.8847,11695.3586,11940.4280
2023-12-04,12171.5145,11063.6011,10932.7461,10339.2388,11185.5559,11195.8944,11162.8286
2023-12-05,12394.2215,12171.5145,11715.2825,11038.2409,12152.5007,12123.1884,12160.0181
2023-12-06,12123.8068,12394.2215,11502.6165,10747.6032,12453.1195,12457.8931,12489.1687
2023-12-07,12163.1978,12123.8068,11335.4307,10676.9179,12146.9811,12083.4269,12175.7352
2023-12-08,11559.6799,12163.1978,11473.6321,10941.5461,12089.3399,12074.4737,12034.0980
2023-12-09,11214.8174,11559.6799,11290.6190,10754.4403,11435.2596,11431.8884,11384.3969
2023-12-10,10293.4175,11214.8174,10701.7348,10261.9097,11223.3978,11191.2387,11256.4747
2023-12-11,11011.9225,10293.4175,10634.9565,10156.0679,10303.9078,10660.5335,10372.2538
2023-12-12,11219.1246,11011.9225,10811.6440,10480.1622,11126.0632,10967.7348,11140.4114
2023-12-13,11823.6200,11219.1246,10906.9896,10559.2813,11223.5169,11136.2951,11172.7256
2023-12-14,12672.8401,11823.6200,10783.7284,10313.6108,11670.6064,11742.2437,11616.3609
2023-12-15,12500.1663,12672.8401,10697.2388,10295.5703,12460.8962,12539.3367,12432.1182
2023-12-16,11692.6162,12500.1663,10690.1508,10333.5241,12291.6536,12333.9773,12219.5750
2023-12-17,11620.2218,11692.6162,10328.0761,10012.7142,11621.2711,11408.2882,11559.5009
2023-12-18,13275.2141,11620.2218,10372.3195,9988.7128,11576.9344,11523.5178,11494.8218
2023-12-19,12719.0525,13275.2141,10631.1185,10210.5468,13153.6187,13061.9983,13055.5063
2023-12-20,12042.3633,12719.0525,10416.6691,10023.3260,12667.1115,12506.4837,12553.9333
2023-12-21,11927.7311,12042.3633,10313.8012,9917.8195,11995.9599,11834.1299,11860.6251
2023-12-22,11204.5956,11927.7311,10312.4605,9822.8658,11866.8696,11806.6763,11755.9258
2023-12-23,10518.7007,11204.5956,10254.6947,9791.8927,11117.8294,11117.6506,11014.5630
2023-12-24,9722.2620,10518.7007,9851.4001,9424.4194,10538.4500,10474.0877,10430.9246
2023-12-25,9117.5235,9722.2620,10123.9457,9666.6896,9665.1189,9637.2021,9559.8900
2023-12-26,9713.2107,9117.5235,9872.6735,9322.1200,9205.6371,9547.6750,9147.2670
2023-12-27,10039.8951,9713.2107,9997.6481,9554.4857,9711.3283,9777.9930,9666.8640
2023-12-28,10409.6909,10039.8951,9634.0704,9170.6259,10097.6933,10022.9812,10007.6236
2023-12-29,10074.0553,10409.6909,9463.6556,8915.0746,10447.7061,10622.1832,10374.3751
2023-12-30,9668.5159,10074.0553,9287.3036,8841.0833,10107.7376,10155.5745,10047.4609
2023-12-31,9347.5401,9668.5159,9364.9518,8926.8950,9590.4466,9697.5241,9542.5729
2024-01-01,9367.7370,9347.5401,7904.4425,8338.5957,9379.7846,9395.2858,9314.0731
2024-01-02,10436.4269,9367.7370,8085.5481,8442.9736,9352.8795,9423.2692,9310.1717
2024-01-03,10756.3487,10436.4269,8135.2933,8604.4173,10371.8178,10432.9306,10318.9364
2024-01-04,10839.7606,10756.3487,8046.8334,8615.3140,10701.0982,10672.1611,10650.3441
2024-01-05,10405.9813,10839.7606,7957.7440,8367.0388,10763.3391,10724.3011,10703.0004
2024-01-06,10347.5205,10405.9813,7939.2464,8444.5940,10239.2921,10271.5873,10173.4084
2024-01-07,10216.8939,10347.5205,7877.0711,8425.0824,10267.3836,10151.8960,10191.1261
2024-01-08,11247.2130,10216.8939,7871.3745,8485.7851,10193.1690,10035.4214,10163.5696
2024-01-09,11251.5619,11247.2130,8200.5483,8803.3255,11198.4077,11053.8524,11166.7306
2024-01-10,10862.9650,11251.5619,8365.3641,9029.7899,11117.7171,11092.1455,11073.9791
2024-01-11,10285.0318,10862.9650,8102.1972,8718.9814,10824.8009,10599.1232,10800.5988
2024-01-12,10189.0236,10285.0318,8583.8737,9391.3685,10084.1362,10160.1245,10078.8882
2024-01-13,9690.2811,10189.0236,8595.4588,9176.7294,10068.2453,9979.7042,10037.0612
2024-01-14,9867.1589,9690.2811,8465.7139,8987.1869,9693.8564,9940.9412,9698.9981
2024-01-15,10797.6733,9867.1589,8745.0693,9342.7936,9877.8299,9834.3851,9889.8780
2024-01-16,10849.1202,10797.6733,9015.4890,9439.4248,10780.3627,10722.7805,10775.4391
2024-01-17,10797.4685,10849.1202,9150.4101,9715.0115,10811.1277,10736.2352,10786.0042
2024-01-18,10858.4463,10797.4685,9457.3906,9720.3433,10680.5835,10676.3875,10690.2047
2024-01-19,10835.3354,10858.4463,9365.9447,9663.7067,10706.1653,10744.3241,10719.9644
2024-01-20,10596.9310,10835.3354,9231.1642,9678.5350,10833.5136,10727.6111,10824.6384
2024-01-21,10219.9045,10596.9310,9576.8441,10013.1043,10525.7986,10463.4829,10513.5116
2024-01-22,10966.2191,10219.9045,9603.8273,9914.0031,10268.2015,10273.8571,10281.4898
2024-01-23,10620.0033,10966.2191,9817.0955,10061.5532,10958.8198,11016.1021,10991.6255
2024-01-24,10447.4953,10620.0033,10002.9504,10357.4787,10639.3557,10585.6459,10657.6208
2024-01-25,10227.4702,10447.4953,9974.4160,10114.4734,10474.2058,10407.7696,10453.1322
2024-01-26,9676.4821,10227.4702,9992.8707,10145.0721,10236.7346,10155.1643,10238.8296
2024-01-27,8922.9501,9676.4821,10092.5978,10115.1204,9605.4933,9546.9766,9641.0754
2024-01-28,8098.0405,8922.9501,9869.3160,9986.1368,8937.2374,8824.9110,8955.2387
2024-01-29,8800.4552,8098.0405,9543.6423,9611.6142,8208.6323,8594.8660,8217.7369
2024-01-30,9335.5158,8800.4552,9719.9511,9755.1455,8824.1254,8875.8053,8820.1111
2024-01-31,9662.2675,9335.5158,9519.6475,9647.0774,9359.0215,9401.3409,9346.0337
2024-02-01,9684.4750,9662.2675,9303.6672,9715.3291,9494.1649,9616.3120,9489.3438
2024-02-02,9390.7547,9684.4750,9187.4565,9489.3242,9470.1017,9531.6268,9451.5513
2024-02-03,8837.6540,9390.7547,9025.8576,9097.7862,9233.9767,9943.7214,9215.7607
2024-02-04,8303.4938,8837.6540,8544.3458,8658.1998,8885.1938,9416.4148,8855.2225
2024-02-05,8561.9393,8303.4938,8423.9431,8556.3793,8473.7180,8448.3122,8427.6149
2024-02-06,9068.7354,8561.9393,8449.4761,8562.0243,8736.3260,8553.0353,8663.6914
2024-02-07,9005.5844,9068.7354,8490.5708,8671.3262,9009.0663,8988.6181,8955.1223
2024-02-08,9197.2381,9005.5844,8171.1345,8349.1769,8864.0003,8974.8771,8814.7197
2024-02-09,8328.8469,9197.2381,7963.8638,8278.7647,9067.5212,9205.9860,9027.0046
2024-02-10,7717.3350,8328.8469,7742.0372,8493.0513,8126.1439,8240.7204,8059.8414
2024-02-11,7354.3237,7717.3350,7442.8609,7975.4799,7681.9341,8067.0582,7628.0685
2024-02-12,7606.8037,7354.3237,7629.4992,8041.6315,7384.1658,7466.8276,7359.8683
2024-02-13,7780.2825,7606.8037,7847.9939,8261.2935,7711.7981,7637.2685,7673.8650
2024-02-14,7828.4393,7780.2825,8079.2243,8475.6826,7903.3659,7754.1761,7841.1482
2024-02-15,7487.2061,7828.4393,8076.5570,8542.1596,7888.0676,7796.1604,7819.3499
2024-02-16,7718.2468,7487.2061,8142.3022,8472.5166,7315.1802,7451.4786,7290.0585
2024-02-17,7359.1568,7718.2468,7816.0840,8233.5349,7566.2317,7666.4225,7532.2996
2024-02-18,7157.0464,7359.1568,7794.8542,8574.9918,7042.7640,7266.5509,7007.4180
2024-02-19,8107.4557,7157.0464,7554.4910,8325.4058,6908.6645,6988.6991,6852.6319
2024-02-20,8394.6204,8107.4557,7819.9986,8603.2376,7915.5895,7908.2733,7886.5337
2024-02-21,8803.2340,8394.6204,8044.9103,8833.8015,8312.3094,8181.8805,8274.3384
2024-02-22,9074.6118,8803.2340,8111.0768,8853.0907,8836.0056,8567.6231,8778.4710
2024-02-23,8291.9561,9074.6118,8357.2167,8945.0105,9229.8893,9054.0445,9163.3633
2024-02-24,7323.5617,8291.9561,8713.1039,9243.5263,8350.7835,8283.5225,8345.7008
2024-02-25,7141.8800,7323.5617,8597.7267,9019.1450,7457.6041,7603.3423,7473.6095
2024-02-26,7860.7159,7141.8800,8566.3454,8900.0767,7294.9174,7321.9487,7327.0689
2024-02-27,8637.6864,7860.7159,8654.4445,8793.2135,7971.4928,7945.9403,8021.5919
2024-02-28,8568.5221,8637.6864,8588.6396,8645.5874,8681.9632,8664.0166,8733.4013
2024-02-29,8942.3411,8568.5221,8479.7354,8574.0702,8544.3071,8577.1940,8590.6747
2024-03-01,9010.5626,8942.3411,8365.0168,8577.5630,8760.4814,8898.7194,8813.9955
2024-03-02,8603.3877,9010.5626,8389.3881,8465.6934,8828.9779,8932.6177,8852.9747
2024-03-03,8322.0447,8603.3877,8548.6777,8549.5590,8432.5021,8488.2356,8455.6642
2024-03-04,8710.0097,8322.0447,8632.4590,8352.1477,8274.8429,8379.5605,8273.5125
2024-03-05,8720.2966,8710.0097,8666.5841,8233.7276,8742.7066,9187.4037,8723.6959
2024-03-06,8271.7054,8720.2966,8750.5415,8578.1724,8686.9545,8612.7392,8673.0773
2024-03-07,8560.3129,8271.7054,8544.8754,8381.5469,8195.5500,8241.2206,8179.0446
2024-03-08,8001.4279,8560.3129,8367.6354,8164.0697,8479.0891,8640.6841,8464.2768
2024-03-09,7441.9416,8001.4279,8183.4492,8048.0042,7919.3536,7942.4137,7902.9050
2024-03-10,7268.4912,7441.9416,7727.7981,7780.8662,7413.9082,7386.5273,7378.0846
2024-03-11,7557.3735,7268.4912,7788.3431,7805.6160,7336.2731,7279.5060,7308.1376
2024-03-12,7422.3527,7557.3735,7949.1536,8068.8043,7500.4503,7550.1860,7497.1733
2024-03-13,7696.9342,7422.3527,7938.4210,8033.4774,7369.4226,7393.2198,7364.2965
2024-03-14,7821.7224,7696.9342,7980.4200,8066.0689,7657.5344,7696.0467,7648.5465
2024-03-15,7585.4775,7821.7224,7992.9089,8118.1820,7816.4109,7770.4955,7804.9467
2024-03-16,7186.8978,7585.4775,8049.3091,8235.8234,7616.5573,7527.2290,7594.5738
2024-03-17,6888.9971,7186.8978,8060.4429,8325.4252,7215.0411,7125.3537,7196.9681
2024-03-18,7283.8087,6888.9971,7777.0337,8164.1065,6854.8220,6877.5307,6833.5310
2024-03-19,7659.6658,7283.8087,7953.9080,8268.8435,7277.4800,7345.4273,7246.1470
2024-03-20,7495.5440,7659.6658,8070.3540,8426.5345,7646.0807,7629.1757,7616.2051
2024-03-21,6901.2994,7495.5440,8009.8612,8299.1832,7443.0676,7432.8751,7409.3766
2024-03-22,6866.5848,6901.2994,7991.0176,8176.5836,6792.3204,6803.3801,6759.8571
2024-03-23,6487.7186,6866.5848,8036.5939,8110.8911,6773.0411,6895.4886,6749.1572
2024-03-24,6105.9614,6487.7186,8049.4837,8160.9720,6435.1301,6490.9380,6422.0025
2024-03-25,7017.8974,6105.9614,8207.7254,8214.6969,6172.6536,6285.3108,6150.4994
2024-03-26,7533.0219,7017.8974,8396.6382,8398.4498,7109.0775,7003.3297,7089.9473
2024-03-27,7260.9182,7533.0219,8503.0542,8494.5329,7628.7075,7525.6490,7617.4876
2024-03-28,6779.5619,7260.9182,8547.7163,8580.1176,7301.2387,7248.0599,7307.2965
2024-03-29,6568.3605,6779.5619,8507.0705,8620.1471,6813.2187,6807.4984,6826.0767
2024-03-30,6854.1285,6568.3605,8476.2735,8700.8197,6616.8198,6590.6054,6627.1182
2024-03-31,6620.6170,6854.1285,8575.1069,8807.7189,6956.7691,6879.0074,6966.3348
2024-04-01,7094.0046,6620.6170,8258.5960,8240.6271,6766.4414,6637.2085,6759.0873
2024-04-02,6950.1573,7094.0046,8407.7433,8361.4263,7246.8876,7214.3818,7240.6869
2024-04-03,6957.8605,6950.1573,8568.5710,8434.9696,7086.3201,7037.3255,7085.2394
2024-04-04,6674.3977,6957.8605,8585.5146,8594.4325,7026.7924,6991.3747,7022.0785
2024-04-05,6608.6863,6674.3977,8561.1300,8530.7682,6715.5579,6694.8749,6711.6190
2024-04-06,6417.0806,6608.6863,8525.2724,8339.0646,6619.2544,6594.4065,6618.6112
2024-04-07,5333.7010,6417.0806,8406.7115,8033.5376,6449.6591,6614.2676,6448.2912
2024-04-08,5672.7323,5333.7010,8541.3244,8096.8339,5339.6903,5342.9685,5352.1911
2024-04-09,6766.1348,5672.7323,8410.4451,7810.5973,5746.2002,5887.1974,5755.0640
2024-04-10,7673.4226,6766.1348,8335.2245,7844.5015,6781.8766,6651.3862,6803.2103
2024-04-11,7085.3928,7673.4226,8319.3469,7778.5745,7642.6959,7539.5594,7672.8083
2024-04-12,6131.7381,7085.3928,8265.7738,7637.6826,6968.4347,6983.1695,7003.3044
2024-04-13,5721.9612,6131.7381,7973.1864,7225.5886,6054.7154,6108.2462,6066.9399
2024-04-14,5366.5230,5721.9612,7719.3019,7000.7550,5664.8643,5856.7091,5674.9256
2024-04-15,5467.3467,5366.5230,7412.1034,6847.3381,5392.1084,5418.4681,5394.2229
2024-04-16,5380.0998,5467.3467,7331.6850,6846.4915,5537.4223,5475.2421,5533.1520
2024-04-17,5998.9511,5380.0998,7354.0620,6918.6259,5477.6576,5382.3022,5466.7004
2024-04-18,6840.2183,5998.9511,7845.2332,7660.3571,5850.9194,5949.8532,5868.1133
2024-04-19,7024.2335,6840.2183,7703.7982,7170.4083,6690.8318,6743.8490,6687.4205
2024-04-20,6868.5364,7024.2335,7633.9301,7047.7332,6844.8476,6957.7054,6831.3180
2024-04-21,6724.2387,6868.5364,7681.1306,7071.8746,6821.8026,7151.1589,6785.7244
2024-04-22,7893.7880,6724.2387,7757.9316,7320.0079,6785.7198,6685.5183,6761.8467
2024-04-23,8431.6070,7893.7880,7874.1134,7405.5723,8053.5473,8007.8044,8044.0614
2024-04-24,8253.6053,8431.6070,8415.3050,8082.8887,8355.5713,8456.8361,8391.1403
2024-04-25,8570.2343,8253.6053,8288.1928,7836.6744,8160.9891,8321.0686,8161.8183
2024-04-26,8076.7364,8570.2343,8011.6370,7634.5192,8458.0632,8472.6937,8438.4624
2024-04-27,7485.4780,8076.7364,7659.8807,7323.0763,8009.1325,7922.3638,7977.7743
2024-04-28,7535.3150,7485.4780,7256.0993,6815.8992,7480.6614,7710.7785,7444.5408
2024-04-29,7891.9776,7535.3150,7059.3166,6724.1414,7557.2512,7459.3883,7510.5969
2024-04-30,8010.2752,7891.9776,7017.4627,6687.1937,7904.3539,7759.6119,7865.1177
2024-05-01,7439.4271,8010.2752,6743.5792,7100.4316,8013.6762,7856.3155,7972.6334
2024-05-02,7301.9770,7439.4271,6584.0518,6920.6510,7408.9732,7308.8002,7379.1791
2024-05-03,6540.1457,7301.9770,6463.9004,6777.0735,7220.4914,7205.1638,7197.8690
2024-05-04,5968.6382,6540.1457,6241.4019,6534.1737,6516.4930,6477.0080,6492.7839
2024-05-05,5484.5628,5968.6382,6256.3703,6546.0251,5946.6349,5946.9605,5930.1101
2024-05-06,6042.1474,5484.5628,6293.3477,6539.4430,5472.9677,5470.4252,5461.2819
2024-05-07,6263.8877,6042.1474,6466.0798,6714.1431,6030.3331,6033.2058,6008.2403
2024-05-08,6518.0965,6263.8877,6560.0615,6760.2878,6256.8999,6240.6290,6237.8651
2024-05-09,6166.5826,6518.0965,6652.8645,6845.3545,6502.9291,6493.2944,6481.1422
2024-05-10,5991.0016,6166.5826,6742.9082,6950.8163,6152.7987,6149.7216,6122.5188
2024-05-11,5997.0211,5991.0016,6692.9824,6919.6466,5983.6824,5989.6163,5952.0863
2024-05-12,5393.0145,5997.0211,6753.0356,6987.3584,5995.5969,5986.8841,5963.1476
2024-05-13,5745.8671,5393.0145,6838.9722,7066.0647,5406.0926,5389.4628,5375.9403
2024-05-14,5693.4257,5745.8671,6878.8539,7103.1891,5746.0817,5739.1970,5720.0581
2024-05-15,5793.0210,5693.4257,6883.9316,7121.5837,5689.3570,5675.1666,5664.6890
2024-05-16,5851.2592,5793.0210,6896.0507,7165.4202,5809.6701,5845.3279,5791.1867
2024-05-17,5863.9145,5851.2592,6850.2522,7302.7796,5850.8928,5804.4674,5821.5191
2024-05-18,5780.4375,5863.9145,6906.6512,7412.1738,5861.0687,5797.8029,5841.6232
2024-05-19,5518.7928,5780.4375,6917.3322,7437.8981,5772.0762,5751.7832,5762.0247
2024-05-20,5950.1640,5518.7928,6941.3191,7418.4256,5491.6658,5511.9405,5494.8544
2024-05-21,5986.6308,5950.1640,6908.3489,7386.9594,5906.7847,5944.4058,5916.8163
2024-05-22,6288.5042,5986.6308,6880.9552,7346.3771,5961.1600,5974.7265,5973.7797
2024-05-23,6472.3923,6288.5042,6836.7372,7328.3596,6269.8777,6267.4628,6277.6202
2024-05-24,6095.0466,6472.3923,6795.4866,7230.9778,6452.7093,6436.8428,6462.1180
2024-05-25,5534.2567,6095.0466,6770.1686,7197.5323,6078.1945,6059.9521,6084.5853
2024-05-26,5139.5568,5534.2567,6693.7295,7138.7632,5505.7442,5492.7727,5513.1944
2024-05-27,5624.5438,5139.5568,6715.8645,7092.1137,5122.9745,5129.4167,5137.7220
2024-05-28,6096.3645,5624.5438,6709.8498,7049.6925,5615.2999,5608.4404,5629.1030
2024-05-29,6272.9064,6096.3645,6668.8400,6995.9502,6101.2850,6079.8778,6112.2333
2024-05-30,5532.9820,6272.9064,6639.9257,6944.7471,6279.4785,6267.6083,6292.4534
2024-05-31,5512.3231,5532.9820,6652.4658,6943.7789,5542.1240,5532.0727,5555.3991
2024-06-01,5461.4623,5512.3231,6412.8372,6456.6886,5537.9098,5511.4138,5556.5959
2024-06-02,5208.0021,5461.4623,6409.9692,6437.8999,5499.0202,5512.3552,5517.1141
2024-06-03,6041.0645,5208.0021,6421.3224,6424.0960,5239.7975,5218.0847,5257.6561
2024-06-04,7064.1147,6041.0645,6416.2305,6408.2536,6067.4402,6057.6533,6085.0958
2024-06-05,7177.9768,7064.1147,6379.9195,6360.3246,7071.8491,7075.8244,7090.2320
2024-06-06,7376.0726,7177.9768,6320.3512,6298.0683,7179.5015,7182.0203,7194.6100
2024-06-07,6851.0015,7376.0726,6291.4921,6260.3796,7372.1664,7386.5006,7384.6166
2024-06-08,6262.1890,6851.0015,6269.5659,6234.5119,6861.0139,6859.2794,6871.8827
2024-06-09,5425.3391,6262.1890,6235.6212,6181.0102,6267.4455,6249.3844,6279.2725
2024-06-10,6084.2899,5425.3391,6181.2064,6117.2856,5419.3989,5401.3007,5427.6049
2024-06-11,6792.1695,6084.2899,6122.2621,6066.7780,6068.0908,6076.9807,6075.9100
2024-06-12,7352.0723,6792.1695,6043.7778,5994.4132,6779.7056,6794.1613,6789.0321
2024-06-13,6933.9783,7352.0723,6000.9657,5956.1446,7349.9892,7350.2809,7360.4785
2024-06-14,6793.6572,6933.9783,5978.4885,5922.5917,6941.6758,6930.2772,6953.9610
2024-06-15,6492.2349,6793.6572,5941.3829,5895.0536,6793.8897,6785.1195,6803.7893
2024-06-16,5855.2531,6492.2349,5873.7320,5854.5299,6489.4508,6474.6727,6501.2960
2024-06-17,6763.9353,5855.2531,5835.7682,5821.5728,5846.2052,5847.6493,5859.1009
2024-06-18,6855.3807,6763.9353,5823.1455,5824.3693,6764.8567,6749.2672,6776.4142
2024-06-19,7079.0449,6855.3807,5802.7277,5806.7474,6861.3426,6837.6641,6871.6208
2024-06-20,7079.4348,7079.0449,5797.3362,5822.6207,7092.7346,7033.6188,7102.7410
2024-06-21,6647.8244,7079.4348,5768.1757,5799.0065,7074.8397,7073.9713,7087.4727
2024-06-22,6071.3412,6647.8244,5739.7523,5773.8063,6648.8314,6680.1409,6659.0742
2024-06-23,5793.1151,6071.3412,5741.1972,5792.1533,6076.1248,6082.6021,6084.2511
2024-06-24,6221.8875,5793.1151,5729.7788,5793.0850,5798.1748,5796.6897,5805.6586
2024-06-25,6448.3627,6221.8875,5715.1812,5793.6371,6229.3792,6228.9698,6238.3478
2024-06-26,6133.0690,6448.3627,5704.0203,5794.2336,6465.6320,6506.8420,6475.7613
2024-06-27,5777.4340,6133.0690,5743.3329,5834.8675,6148.2553,6161.5365,6157.8056
2024-06-28,5592.5965,5777.4340,5759.3296,5855.9146,5778.5382,5810.2372,5786.3041
2024-06-29,5751.1106,5592.5965,5735.5565,5865.7192,5611.2872,5644.3045,5621.0975
2024-06-30,5455.6108,5751.1106,5770.8330,5874.3565,5753.7972,5774.6595,5767.9986
2024-07-01,6159.5013,5455.6108,5918.3037,5962.7137,5467.0977,5476.2286,5476.5322
2024-07-02,6105.4596,6159.5013,5872.1740,5914.7321,6191.6390,6204.6306,6203.0118
2024-07-03,6208.0208,6105.4596,5880.8954,5906.9232,6125.7572,6121.4848,6137.7138
2024-07-04,6252.9445,6208.0208,5889.6176,5936.4614,6226.6627,6232.9886,6239.5810
2024-07-05,6242.8771,6252.9445,5864.6886,5899.1281,6284.4416,6265.3950,6298.2001
2024-07-06,6253.8284,6242.8771,5848.0281,5882.3801,6285.4569,6293.9160,6301.1209
2024-07-07,6010.2406,6253.8284,5859.8033,5891.6492,6275.0752,6268.1362,6292.7629
2024-07-08,6184.7809,6010.2406,5822.0354,5858.1791,6040.8715,6021.2416,6055.9689
2024-07-09,6425.2028,6184.7809,5774.7446,5812.9973,6204.4933,6194.9978,6220.7485
2024-07-10,6496.2477,6425.2028,5741.2470,5799.3489,6429.4122,6425.6794,6443.4072
2024-07-11,6570.3353,6496.2477,5702.0024,5767.8532,6487.9662,6459.9429,6501.4618
2024-07-12,6631.7033,6570.3353,5664.6802,5716.2303,6574.2005,6523.5257,6587.8218
2024-07-13,6333.6932,6631.7033,5677.9913,5745.2299,6674.3328,6652.3879,6692.1031
2024-07-14,6335.4771,6333.6932,5782.5051,5853.4655,6386.0469,6284.3776,6401.9937
2024-07-15,6572.6530,6335.4771,5864.6302,5914.9132,6416.3994,6389.8633,6436.2348
2024-07-16,6782.4192,6572.6530,5970.4626,5967.3463,6636.8752,6590.6829,6656.2833
2024-07-17,6697.3238,6782.4192,6030.9202,5989.1328,6842.0523,6836.9589,6861.8573
2024-07-18,6817.5593,6697.3238,6064.9760,6004.8270,6734.1419,6712.4098,6757.8383
2024-07-19,6720.4532,6817.5593,6047.1979,5982.7094,6853.9605,6833.1665,6881.6300
2024-07-20,6277.6210,6720.4532,6012.4203,5938.6681,6723.7036,6734.9487,6752.7643
2024-07-21,5787.0545,6277.6210,5951.7854,5872.4020,6289.3971,6275.0677,6311.7547
2024-07-22,6055.3750,5787.0545,5913.4499,5836.5937,5797.0209,5786.2305,5813.5439
2024-07-23,5945.5788,6055.3750,5877.5066,5814.5559,6078.5457,6045.9126,6090.6751
2024-07-24,5962.8318,5945.5788,5840.0657,5775.7798,5961.0619,5942.2074,5972.2311
2024-07-25,6305.8068,5962.8318,5804.3888,5757.3237,5981.0225,5964.6512,5990.3146
2024-07-26,6298.4431,6305.8068,5742.1039,5705.3454,6311.5927,6317.7154,6322.6936
2024-07-27,5964.4737,6298.4431,5672.5962,5661.9309,6307.0350,6304.8642,6316.0702
2024-07-28,5814.1568,5964.4737,5626.7607,5606.0065,5971.0466,5975.2590,5985.3904
2024-07-29,6621.1881,5814.1568,5576.8550,5572.0392,5828.3332,5829.1353,5840.3414
2024-07-30,6478.8035,6621.1881,5512.8215,5522.0705,6629.1127,6618.6779,6640.5021
2024-07-31,6091.7100,6478.8035,5476.6657,5507.8608,6503.9114,6502.1342,6518.4790
2024-08-01,6115.4350,6091.7100,5904.2249,6000.3162,6121.9185,6083.8061,6133.6778
2024-08-02,6236.9815,6115.4350,5878.5805,5996.2172,6156.9417,6112.2824,6166.5262
2024-08-03,6169.4471,6236.9815,5851.5990,5975.4091,6278.1807,6231.1515,6287.6786
2024-08-04,6218.0681,6169.4471,5854.0036,5988.1260,6192.2861,6174.0354,6197.7103
2024-08-05,6553.5757,6218.0681,5799.2034,5936.0052,6241.4639,6220.2450,6248.9893
2024-08-06,6665.8094,6553.5757,5760.2104,5890.8595,6569.2418,6552.0739,6577.2286
2024-08-07,6682.7938,6665.8094,5716.1608,5868.6388,6694.1621,6656.2316,6700.1497
2024-08-08,6736.9255,6682.7938,5682.4118,5857.6285,6709.2008,6680.6841,6710.4208
2024-08-09,6438.3287,6736.9255,5652.2107,5844.6086,6765.1186,6723.4035,6761.4241
2024-08-10,5847.3326,6438.3287,5637.4774,5850.9094,6452.9078,6434.9652,6449.5533
2024-08-11,5873.1270,5847.3326,5628.8817,5823.6611,5871.7265,5910.5085,5873.2412
2024-08-12,6172.8286,5873.1270,5637.0440,5841.4303,5896.6839,5865.2279,5897.8925
2024-08-13,6482.6339,6172.8286,5749.0995,6016.0549,6138.1258,6138.0224,6126.8663
2024-08-14,6477.6143,6482.6339,5805.0691,6112.4253,6370.8614,6428.9470,6349.9568
2024-08-15,6637.5719,6477.6143,5756.7251,5925.4971,6380.8686,6496.0431,6379.8446
2024-08-16,6762.3374,6637.5719,5868.3745,5988.9167,6563.7883,6614.4284,6572.5994
2024-08-17,6469.3350,6762.3374,5983.3408,6159.4202,6779.4859,6741.6050,6786.1499
2024-08-18,6354.5973,6469.3350,6088.3163,6280.2889,6559.7782,6480.2605,6569.6102
2024-08-19,6980.4262,6354.5973,6283.8401,6508.5744,6417.9450,6401.6156,6437.6161
2024-08-20,6970.6250,6980.4262,6456.9790,6727.6592,6945.8367,7005.8048,6973.1624
2024-08-21,6991.8519,6970.6250,6403.8042,6662.0848,6944.5623,6964.8211,6976.3010
2024-08-22,6917.4046,6991.8519,6351.8018,6580.7728,6988.3685,7070.2762,7030.9736
2024-08-23,6724.2599,6917.4046,6369.9178,6630.6250,6918.5976,6930.9487,6960.5213
2024-08-24,6447.5999,6724.2599,6356.9282,6659.7920,6735.5987,6721.5473,6773.4571
2024-08-25,5634.8603,6447.5999,6241.7400,6509.6297,6506.8504,6626.4847,6559.7973
2024-08-26,6281.8342,5634.8603,6210.2900,6516.2081,5706.0957,5750.2041,5763.3326
2024-08-27,6426.0303,6281.8342,6216.4784,6618.2381,6326.8513,6273.6455,6367.2487
2024-08-28,6637.2623,6426.0303,6135.7080,6579.7299,6466.3574,6445.2333,6496.8119
2024-08-29,6668.9308,6637.2623,6102.4773,6517.6549,6627.7165,6643.9250,6661.4905
2024-08-30,6673.7034,6668.9308,6063.3938,6440.4207,6627.6263,6743.7642,6669.4026
2024-08-31,6374.7978,6673.7034,5974.0844,6313.5747,6669.8985,6749.3210,6713.4796
2024-09-01,6094.0965,6374.7978,6640.0333,6671.9628,6444.8531,6489.7381,6478.1515
2024-09-02,6932.1502,6094.0965,6640.4695,6691.0102,6177.2648,6193.1964,6209.2628
2024-09-03,7309.3288,6932.1502,6692.0347,6771.3059,6979.0078,6948.1939,7007.7995
2024-09-04,7307.8099,7309.3288,6712.0595,6817.4487,7302.4715,7319.5924,7328.2989
2024-09-05,7226.7911,7307.8099,6658.8940,6705.6626,7284.3374,7317.9615,7311.5312
2024-09-06,7082.3098,7226.7911,6658.9401,6664.5273,7182.2277,7240.4918,7203.5174
2024-09-07,6580.8984,7082.3098,6582.5677,6571.8115,7089.5813,7187.9560,7114.5371
2024-09-08,6295.4920,6580.8984,6521.0461,6482.5095,6636.7522,6698.0984,6667.8774
2024-09-09,6608.8891,6295.4920,6524.2872,6532.5566,6388.3937,6383.5051,6421.8582
2024-09-10,7434.7531,6608.8891,6591.1944,6642.7728,6653.0348,6599.1401,6683.1544
2024-09-11,7495.8646,7434.7531,6507.6610,6615.5289,7432.7914,7416.5149,7442.2918
2024-09-12,7193.5694,7495.8646,6375.9566,6457.1986,7438.4515,7476.0416,7441.2513
2024-09-13,7097.6155,7193.5694,6322.9597,6356.3710,7148.7633,7299.0809,7157.6352
2024-09-14,6716.3484,7097.6155,6423.1084,6499.4161,7011.0320,7120.7889,7008.5330
2024-09-15,6392.5940,6716.3484,6306.4893,6350.5736,6710.8909,6897.4710,6718.7355
2024-09-16,7161.1082,6392.5940,6309.0730,6290.8814,6428.0283,6598.8129,6452.0681
2024-09-17,7223.0929,7161.1082,6416.9686,6504.0519,7202.3214,7182.9605,7218.8669
2024-09-18,7228.1550,7223.0929,6377.1887,6519.0006,7274.9127,7229.7932,7288.3587
2024-09-19,7607.4398,7228.1550,6392.4466,6533.5377,7270.6230,7257.2367,7278.2919
2024-09-20,7293.1478,7607.4398,6592.3072,6674.7658,7515.9538,7609.3246,7528.6371
2024-09-21,6642.0596,7293.1478,6525.4782,6569.0871,7185.9119,7267.8802,7194.8940
2024-09-22,6737.4921,6642.0596,6370.2791,6380.5718,6623.5477,6793.0302,6646.6022
2024-09-23,7686.4129,6737.4921,6417.3899,6424.6419,6811.3828,7021.2135,6858.5442
2024-09-24,8596.2388,7686.4129,6721.2263,6831.3971,7732.8769,7709.6326,7758.5696
2024-09-25,8487.3475,8596.2388,6816.9133,6902.4632,8617.0390,8584.5808,8624.3586
2024-09-26,8128.6842,8487.3475,6918.6633,6841.0199,8409.2480,8434.2478,8420.4973
2024-09-27,7708.0357,8128.6842,6979.1525,6906.6064,8010.3312,8052.5977,8023.0455
2024-09-28,8521.7995,7708.0357,6999.9628,6916.3065,7613.6335,7634.7253,7634.4676
2024-09-29,8091.9119,8521.7995,6977.2027,6867.3905,8534.3557,8507.1986,8555.0076
2024-09-30,7968.2814,8091.9119,7108.0661,6947.8480,8115.1561,8252.3010,8148.0877
2024-10-01,9051.5129,7968.2814,7559.9432,7748.6043,8015.0577,8253.6968,8045.7383
2024-10-02,8667.7253,9051.5129,7610.0455,7861.7866,9060.6730,9073.4562,9080.1100
2024-10-03,8477.6271,8667.7253,7543.0412,7832.6148,8646.3032,8600.7027,8657.1580
2024-10-04,7823.9225,8477.6271,7615.7936,7829.8383,8359.9895,8441.9681,8369.7608
2024-10-05,7437.8480,7823.9225,7387.7225,7636.4581,7789.0567,8099.1945,7822.5683
2024-10-06,7263.0011,7437.8480,7277.5425,7495.7557,7482.7004,7727.6207,7533.8638
2024-10-07,7787.9890,7263.0011,7177.2932,7512.1880,7409.1057,7443.0969,7444.7554
2024-10-08,7800.3804,7787.9890,7208.7933,7572.6363,7885.1912,7773.2670,7918.8570
2024-10-09,7244.8214,7800.3804,7094.5620,7516.1672,7858.2132,7801.8517,7889.7932
2024-10-10,7543.8697,7244.8214,7157.6842,7566.8510,7122.8213,7245.1555,7146.6106
2024-10-11,7105.6232,7543.8697,6932.1458,7363.1600,7446.3055,7613.3042,7460.2988
2024-10-12,6199.2540,7105.6232,6868.2296,7269.1915,7041.9546,7182.1858,7062.5276
2024-10-13,5817.6997,6199.2540,6791.1725,7261.6006,6226.2238,6304.6124,6244.1775
2024-10-14,6591.1590,5817.6997,7030.5063,7512.8460,5831.2124,5832.7380,5844.6283
2024-10-15,6661.5524,6591.1590,7159.7086,7582.2489,6625.9533,6548.4721,6629.1879
2024-10-16,7013.7317,6661.5524,7374.1453,7670.8880,6605.5749,6614.5728,6614.8917
2024-10-17,7706.1588,7013.7317,7445.4444,7802.4805,6962.2994,6936.0751,6973.3435
2024-10-18,7412.0555,7706.1588,7580.4925,7906.4770,7646.5820,7605.4089,7665.9004
2024-10-19,6890.7645,7412.0555,7853.4963,8080.5498,7300.5219,7373.9966,7295.7277
2024-10-20,6465.7229,6890.7645,7925.1964,8037.0290,6813.1051,6836.1441,6827.1287
2024-10-21,7187.2868,6465.7229,8178.8305,8191.4827,6401.7204,6470.8094,6425.1647
2024-10-22,7897.5294,7187.2868,8484.5965,8724.2385,7199.5999,7211.2604,7232.8791
2024-10-23,8325.5128,7897.5294,8843.1650,8647.1756,7766.4435,7805.5727,7769.1291
2024-10-24,8783.5213,8325.5128,8980.6045,8876.6554,8251.6886,8124.5427,8245.7203
2024-10-25,8361.6996,8783.5213,9307.3317,9125.8616,8615.2234,8752.0142,8646.8751
2024-10-26,7602.8262,8361.6996,9571.3815,9280.6913,8191.7231,8312.8816,8208.4271
2024-10-27,6773.6160,7602.8262,9793.7520,9658.1145,7479.5912,7571.3930,7497.4218
2024-10-28,7147.6883,6773.6160,9984.5457,9873.0650,6682.8602,6668.5362,6715.6641
2024-10-29,7685.5453,7147.6883,10149.0539,10127.2510,7223.5089,7239.2744,7300.1191
2024-10-30,8338.9219,7685.5453,10686.7448,10475.0962,7765.0914,7703.1230,7819.1689
2024-10-31,8079.1701,8338.9219,10101.7959,10376.6759,8842.6223,8897.7914,8994.1063
2024-11-01,7515.1907,8079.1701,10654.7022,10367.5624,8391.2222,8326.7651,8536.3740
2024-11-02,7028.4408,7515.1907,10445.2533,10276.4909,7821.3842,7570.1714,7909.8557
2024-11-03,7075.0898,7028.4408,10256.4316,10178.5746,7176.1590,7079.4987,7274.4070
2024-11-04,8182.4336,7075.0898,9878.0303,9922.2373,7204.6491,7298.2780,7320.3331
2024-11-05,8391.9826,8182.4336,10678.4950,10546.5405,7712.9667,8190.6785,7785.4034
2024-11-06,8316.2890,8391.9826,9632.2133,9829.2642,8290.3731,8379.6243,8331.0106
2024-11-07,7879.1096,8316.2890,9773.3996,9863.7932,8248.9780,8592.0204,8315.7157
2024-11-08,7929.3079,7879.1096,10333.3394,10453.4921,7801.6437,7861.9266,7802.5596
2024-11-09,6396.4948,7929.3079,10336.8441,10493.8469,8008.6877,7859.6171,7997.6114
2024-11-10,7127.7414,6396.4948,10324.6922,10510.0685,6674.0957,6766.4924,6688.9834
2024-11-11,8209.5173,7127.7414,11197.6031,11194.2431,7120.2406,7107.4149,7152.0004
2024-11-12,7935.7040,8209.5173,10999.5227,11089.1428,8305.2157,8200.0275,8303.3239
2024-11-13,7971.1714,7935.7040,11064.7515,11230.6583,7984.0492,7958.4307,8016.2756
2024-11-14,8177.0811,7971.1714,11084.7430,11161.9369,7928.7217,7936.1268,7982.6476
2024-11-15,7890.8205,8177.0811,10997.0914,11116.7532,8175.8582,8253.4271,8256.3256
2024-11-16,7839.5270,7890.8205,10903.0427,11083.7063,8094.0036,7990.5216,8165.0046
2024-11-17,8154.5510,7839.5270,10998.8815,11159.6824,8082.3091,8014.1594,8156.8450
2024-11-18,8620.5425,8154.5510,11357.8276,11685.8908,8393.2680,8238.6021,8418.9611
2024-11-19,8873.5907,8620.5425,11887.8079,12138.1234,8490.7268,8526.9958,8482.7631
2024-11-20,8614.6755,8873.5907,11501.2790,11731.5623,8602.7622,8794.3689,8582.0306
2024-11-21,8935.1033,8614.6755,11083.7853,11423.9821,8404.7700,8777.1086,8400.0690
2024-11-22,8678.5828,8935.1033,11217.5376,11630.1963,8836.4360,8741.2179,8830.2407
2024-11-23,8447.7809,8678.5828,11299.7667,11723.7656,8744.2879,8538.9691,8707.6643
2024-11-24,7715.5939,8447.7809,11452.3508,11898.8498,8507.3225,8246.4727,8437.3580
2024-11-25,8414.7845,7715.5939,11239.5522,11620.9006,7777.8026,8204.6997,7775.3628
2024-11-26,8542.2901,8414.7845,11882.5735,12256.0673,8311.1065,8419.7597,8268.2915
2024-11-27,9348.9013,8542.2901,11729.3981,12147.5865,8534.4001,8413.2547,8454.3673
2024-11-28,9848.1202,9348.9013,11699.1456,12129.8128,9168.7411,9155.4001,9079.5435
2024-11-29,9785.6936,9848.1202,11079.6313,11585.2974,9703.2720,9710.8202,9711.4163
2024-11-30,9388.3081,9785.6936,11291.3796,11868.8343,9477.9477,9693.2424,9497.0902
2024-12-01,9298.5800,9388.3081,10756.5734,10643.1924,9431.0915,9322.4266,9434.3868
2024-12-02,10190.4049,9298.5800,11030.0891,10965.5613,9424.3422,9503.0645,9410.6371
2024-12-03,10150.8301,10190.4049,12008.3883,11838.3241,10086.5467,10141.0747,9979.5016
2024-12-04,10520.9248,10150.8301,11838.9347,11502.7312,9801.0567,10015.3648,9667.8841
2024-12-05,10809.4540,10520.9248,11655.0904,11534.7671,10197.7119,10349.9430,10156.1933
2024-12-06,10559.6038,10809.4540,11256.4345,11278.0761,10645.1116,11017.4094,10691.6484
2024-12-07,10196.0796,10559.6038,11712.3364,11648.4913,10708.5305,10511.0633,10698.1629
2024-12-08,9151.5383,10196.0796,12260.1677,11994.4250,10359.5181,10011.9660,10262.5189
2024-12-09,10370.5583,9151.5383,12190.2147,11822.2298,9232.2486,9175.6893,9207.4248
2024-12-10,10324.5089,10370.5583,12554.6657,12184.8810,10345.6096,10363.3361,10461.0033
2024-12-11,11089.1285,10324.5089,12634.6319,12161.1180,10334.4032,10312.4159,10448.1560
2024-12-12,12239.6476,11089.1285,12133.7603,11871.2242,11365.2443,10999.0764,11399.1357
2024-12-13,11314.7892,12239.6476,12435.0688,12246.1130,12566.8804,12147.8190,12505.4749
2024-12-14,10829.6760,11314.7892,12142.1908,11903.0647,11282.5358,11425.0717,11291.1694
2024-12-15,10267.3675,10829.6760,12004.3597,11692.6494,11196.2649,10956.5546,11329.4336
2024-12-16,11293.9368,10267.3675,12031.4049,11763.2497,10384.3046,10500.5179,10586.0066
2024-12-17,11773.4340,11293.9368,11908.6458,11819.4365,11580.1294,12038.6128,11603.8655
2024-12-18,12341.8993,11773.4340,12317.1376,12250.0893,11980.6325,12011.8742,11906.6644
2024-12-19,11864.5838,12341.8993,12129.8158,11908.9328,12320.9873,12415.4769,12244.4938
2024-12-20,10817.2596,11864.5838,11781.9130,11588.4824,11623.0934,11856.5076,11698.2979
2024-12-21,9684.7343,10817.2596,11848.1818,11649.9074,10560.2151,10697.6827,10512.1984
2024-12-22,9023.9991,9684.7343,11643.7865,11432.3646,9503.4828,9537.9570,9417.3495
2024-12-23,9195.5268,9023.9991,11062.9725,10804.9730,9128.0432,9725.1151,9020.8978
2024-12-24,8532.2283,9195.5268,10988.9640,10736.6564,9421.1590,9572.8079,9352.3330
2024-12-25,7615.2037,8532.2283,11053.2414,10612.0170,8824.0231,8749.0534,8783.6420
2024-12-26,8261.9897,7615.2037,11144.3506,10739.7677,7756.7873,7815.7960,7713.3949
2024-12-27,9033.0161,8261.9897,11073.4760,10565.4084,8311.4753,8360.2614,8281.9405
2024-12-28,8528.7582,9033.0161,10924.9167,10278.3391,8949.1311,9100.4639,8972.8753
2024-12-29,7571.7590,8528.7582,10479.5270,9592.6783,8505.5714,8623.7390,8551.3978
2024-12-30,8301.7718,7571.7590,10118.7809,9097.3379,7644.1550,7651.0368,7725.3489
2024-12-31,7801.7897,8301.7718,10053.3438,9161.9767,8422.7852,8403.0325,8471.3021
